{"cameraMode":{"drawMode":0,"name":"Shaded","section":"Shading Mode"},"sceneLighting":true,"audioPlay":false,"sceneViewState":{"m_AlwaysRefresh":false,"showFog":true,"showSkybox":true,"showFlares":true,"showImageEffects":true,"showParticleSystems":true,"showVisualEffectGraphs":true,"m_FxEnabled":true},"in2DMode":false,"pivot":{"x":1.3284560441970826,"y":1.9208335876464844,"z":-11.106587409973145},"rotation":{"x":0.09728268533945084,"y":-0.03582131117582321,"z":0.0035036818590015175,"w":0.9946061968803406},"size":4.085610389709473,"orthographic":true}