{"cameraMode":{"drawMode":0,"name":"Shaded","section":"Shading Mode"},"sceneLighting":true,"audioPlay":false,"sceneViewState":{"m_AlwaysRefresh":false,"showFog":true,"showSkybox":true,"showFlares":true,"showImageEffects":true,"showParticleSystems":true,"showVisualEffectGraphs":true,"m_FxEnabled":true},"in2DMode":false,"pivot":{"x":-5.053564548492432,"y":2.9331061840057375,"z":-4.142402172088623},"rotation":{"x":0.02702859230339527,"y":-0.8643689751625061,"z":0.046719081699848178,"w":0.49996522068977358},"size":10.40351390838623,"orthographic":true}