Using pre-set license
Built from '2022.3/staging' branch; Version is '2022.3.45f1 (a13dfa44d684) revision 10567162'; Using compiler version '192829333'; Build Type 'Release'
OS: 'Windows 11  (10.0.26100) 64bit Enterprise' Language: 'en' Physical Memory: 32392 MB
BatchMode: 1, IsHumanControllingUs: 0, StartBugReporterOnCrash: 0, Is64bit: 1, IsPro: 1

COMMAND LINE ARGUMENTS:
C:\Program Files\Unity\Hub\Editor\2022.3.45f1\Editor\Unity.exe
-adb2
-batchMode
-noUpm
-name
AssetImportWorker0
-projectPath
C:/Users/h703203058/Recall
-logFile
Logs/AssetImportWorker0.log
-srvPort
58533
Successfully changed project path to: C:/Users/h703203058/Recall
C:/Users/h703203058/Recall
[UnityMemory] Configuration Parameters - Can be set up in boot.config
    "memorysetup-bucket-allocator-granularity=16"
    "memorysetup-bucket-allocator-bucket-count=8"
    "memorysetup-bucket-allocator-block-size=33554432"
    "memorysetup-bucket-allocator-block-count=8"
    "memorysetup-main-allocator-block-size=16777216"
    "memorysetup-thread-allocator-block-size=16777216"
    "memorysetup-gfx-main-allocator-block-size=16777216"
    "memorysetup-gfx-thread-allocator-block-size=16777216"
    "memorysetup-cache-allocator-block-size=4194304"
    "memorysetup-typetree-allocator-block-size=2097152"
    "memorysetup-profiler-bucket-allocator-granularity=16"
    "memorysetup-profiler-bucket-allocator-bucket-count=8"
    "memorysetup-profiler-bucket-allocator-block-size=33554432"
    "memorysetup-profiler-bucket-allocator-block-count=8"
    "memorysetup-profiler-allocator-block-size=16777216"
    "memorysetup-profiler-editor-allocator-block-size=1048576"
    "memorysetup-temp-allocator-size-main=16777216"
    "memorysetup-job-temp-allocator-block-size=2097152"
    "memorysetup-job-temp-allocator-block-size-background=1048576"
    "memorysetup-job-temp-allocator-reduction-small-platforms=262144"
    "memorysetup-allocator-temp-initial-block-size-main=262144"
    "memorysetup-allocator-temp-initial-block-size-worker=262144"
    "memorysetup-temp-allocator-size-background-worker=32768"
    "memorysetup-temp-allocator-size-job-worker=262144"
    "memorysetup-temp-allocator-size-preload-manager=33554432"
    "memorysetup-temp-allocator-size-nav-mesh-worker=65536"
    "memorysetup-temp-allocator-size-audio-worker=65536"
    "memorysetup-temp-allocator-size-cloud-worker=32768"
    "memorysetup-temp-allocator-size-gi-baking-worker=262144"
    "memorysetup-temp-allocator-size-gfx=262144"
Player connection [11140]  Target information:

Player connection [11140]  * "[IP] 147.4.123.191 [Port] 0 [Flags] 2 [Guid] 2328198361 [EditorId] 2328198361 [Version] 1048832 [Id] WindowsEditor(7,SIC20507) [Debug] 1 [PackageName] WindowsEditor [ProjectName] Editor" 

Player connection [11140] Host joined multi-casting on [225.0.0.222:54997]...
Player connection [11140] Host joined alternative multi-casting on [225.0.0.222:34997]...
[PhysX] Initialized MultithreadedTaskDispatcher with 24 workers.
Refreshing native plugins compatible for Editor in 7.57 ms, found 3 plugins.
Preloading 0 native plugins for Editor in 0.00 ms.
Initialize engine version: 2022.3.45f1 (a13dfa44d684)
[Subsystems] Discovering subsystems at path C:/Program Files/Unity/Hub/Editor/2022.3.45f1/Editor/Data/Resources/UnitySubsystems
[Subsystems] Discovering subsystems at path C:/Users/h703203058/Recall/Assets
GfxDevice: creating device client; threaded=0; jobified=0
Direct3D:
    Version:  Direct3D 11.0 [level 11.1]
    Renderer: NVIDIA GeForce RTX 3080 (ID=0x2216)
    Vendor:   NVIDIA
    VRAM:     10067 MB
    Driver:   31.0.15.3770
Initialize mono
Mono path[0] = 'C:/Program Files/Unity/Hub/Editor/2022.3.45f1/Editor/Data/Managed'
Mono path[1] = 'C:/Program Files/Unity/Hub/Editor/2022.3.45f1/Editor/Data/MonoBleedingEdge/lib/mono/unityjit-win32'
Mono config path = 'C:/Program Files/Unity/Hub/Editor/2022.3.45f1/Editor/Data/MonoBleedingEdge/etc'
Using monoOptions --debugger-agent=transport=dt_socket,embedding=1,server=y,suspend=n,address=127.0.0.1:56448
Begin MonoManager ReloadAssembly
Registering precompiled unity dll's ...
Register platform support module: C:/Program Files/Unity/Hub/Editor/2022.3.45f1/Editor/Data/PlaybackEngines/WebGLSupport/UnityEditor.WebGL.Extensions.dll
Register platform support module: C:/Program Files/Unity/Hub/Editor/2022.3.45f1/Editor/Data/PlaybackEngines/iOSSupport/UnityEditor.iOS.Extensions.dll
Register platform support module: C:/Program Files/Unity/Hub/Editor/2022.3.45f1/Editor/Data/PlaybackEngines/WindowsStandaloneSupport/UnityEditor.WindowsStandalone.Extensions.dll
Registered in 0.005181 seconds.
- Loaded All Assemblies, in  0.239 seconds
Native extension for WindowsStandalone target not found
[usbmuxd] Start listen thread
[usbmuxd] Listen thread started
Native extension for iOS target not found
Native extension for WebGL target not found
Mono: successfully reloaded assembly
- Finished resetting the current domain, in  0.165 seconds
Domain Reload Profiling: 403ms
	BeginReloadAssembly (75ms)
		ExecutionOrderSort (0ms)
		DisableScriptedObjects (0ms)
		BackupInstance (0ms)
		ReleaseScriptingObjects (0ms)
		CreateAndSetChildDomain (1ms)
	RebuildCommonClasses (23ms)
	RebuildNativeTypeToScriptingClass (6ms)
	initialDomainReloadingComplete (34ms)
	LoadAllAssembliesAndSetupDomain (99ms)
		LoadAssemblies (74ms)
		RebuildTransferFunctionScriptingTraits (0ms)
		AnalyzeDomain (97ms)
			TypeCache.Refresh (96ms)
				TypeCache.ScanAssembly (86ms)
			ScanForSourceGeneratedMonoScriptInfo (0ms)
			ResolveRequiredComponents (0ms)
	FinalizeReload (165ms)
		ReleaseScriptCaches (0ms)
		RebuildScriptCaches (0ms)
		SetupLoadedEditorAssemblies (138ms)
			LogAssemblyErrors (0ms)
			InitializePlatformSupportModulesInManaged (20ms)
			SetLoadedEditorAssemblies (3ms)
			RefreshPlugins (0ms)
			BeforeProcessingInitializeOnLoad (1ms)
			ProcessInitializeOnLoadAttributes (86ms)
			ProcessInitializeOnLoadMethodAttributes (28ms)
			AfterProcessingInitializeOnLoad (0ms)
			EditorAssembliesLoaded (0ms)
		ExecutionOrderSort2 (0ms)
		AwakeInstancesAfterBackupRestoration (0ms)
========================================================================
Worker process is ready to serve import requests
Caller must complete domain reload
Begin MonoManager ReloadAssembly
- Loaded All Assemblies, in  0.403 seconds
Native extension for WindowsStandalone target not found
Native extension for iOS target not found
Native extension for WebGL target not found
Mono: successfully reloaded assembly
- Finished resetting the current domain, in  0.389 seconds
Domain Reload Profiling: 791ms
	BeginReloadAssembly (93ms)
		ExecutionOrderSort (0ms)
		DisableScriptedObjects (3ms)
		BackupInstance (0ms)
		ReleaseScriptingObjects (0ms)
		CreateAndSetChildDomain (13ms)
	RebuildCommonClasses (20ms)
	RebuildNativeTypeToScriptingClass (6ms)
	initialDomainReloadingComplete (27ms)
	LoadAllAssembliesAndSetupDomain (256ms)
		LoadAssemblies (204ms)
		RebuildTransferFunctionScriptingTraits (0ms)
		AnalyzeDomain (109ms)
			TypeCache.Refresh (94ms)
				TypeCache.ScanAssembly (85ms)
			ScanForSourceGeneratedMonoScriptInfo (10ms)
			ResolveRequiredComponents (3ms)
	FinalizeReload (389ms)
		ReleaseScriptCaches (0ms)
		RebuildScriptCaches (0ms)
		SetupLoadedEditorAssemblies (302ms)
			LogAssemblyErrors (0ms)
			InitializePlatformSupportModulesInManaged (15ms)
			SetLoadedEditorAssemblies (3ms)
			RefreshPlugins (0ms)
			BeforeProcessingInitializeOnLoad (37ms)
			ProcessInitializeOnLoadAttributes (230ms)
			ProcessInitializeOnLoadMethodAttributes (12ms)
			AfterProcessingInitializeOnLoad (4ms)
			EditorAssembliesLoaded (0ms)
		ExecutionOrderSort2 (0ms)
		AwakeInstancesAfterBackupRestoration (6ms)
Launched and connected shader compiler UnityShaderCompiler.exe after 0.06 seconds
Refreshing native plugins compatible for Editor in 3.19 ms, found 3 plugins.
Preloading 0 native plugins for Editor in 0.00 ms.
Unloading 3613 Unused Serialized files (Serialized files now loaded: 0)
Unloading 21 unused Assets / (54.9 KB). Loaded Objects now: 4082.
Memory consumption went from 129.2 MB to 129.1 MB.
Total: 2.108000 ms (FindLiveObjects: 0.160200 ms CreateObjectMapping: 0.048700 ms MarkObjects: 1.832400 ms  DeleteObjects: 0.065600 ms)

AssetImportParameters requested are different than current active one (requested -> active):
  custom:container-demuxer-ogg: 62fdf1f143b41e24485cea50d1cbac27 -> 
  custom:video-codec-MediaFoundation-h265: 746d11721c4dcdbdad8f713fa42b33f4 -> 
  custom:video-decoder-ogg-theora: a1e56fd34408186e4bbccfd4996cb3dc -> 
  custom:framework-win-MediaFoundation: 216162199b28c13a410421893ffa2e32 -> 
  custom:CustomObjectIndexerAttribute: 9a22284fe3817be447336de3de66b15e -> 
  custom:container-demuxer-webm: 4f35f7cbe854078d1ac9338744f61a02 -> 
  custom:container-muxer-webm: aa71ff27fc2769a1b78a27578f13a17b -> 
  custom:video-decoder-webm-vp8: 9c59270c3fd7afecdb556c50c9e8de78 -> 
  custom:SearchIndexIgnoredProperties: e643bd26f0fe6173181afceb89e7c659 -> 
  custom:AudioImporter_EditorPlatform: d09bf68614088b80899f8185d706f6e7 -> 
  custom:video-encoder-webm-vp8: eb34c28f22e8b96e1ab97ce403110664 -> 
  custom:audio-decoder-ogg-vorbis: bf7c407c2cedff20999df2af8eb42d56 -> 
  custom:audio-encoder-webm-vorbis: bf7c407c2cedff20999df2af8eb42d56 -> 
========================================================================
Received Import Request.
  Time since last request: 1631290.887261 seconds.
  path: Assets/Scripts/DeleteOnClickNewInput.cs
  artifactKey: Guid(988b64e3268995a4e9dc9bafa0f1f707) Importer(815301076,1909f56bfc062723c751e8b465ee728b)
Start importing Assets/Scripts/DeleteOnClickNewInput.cs using Guid(988b64e3268995a4e9dc9bafa0f1f707) Importer(815301076,1909f56bfc062723c751e8b465ee728b) [PhysX] Initialized MultithreadedTaskDispatcher with 24 workers.
 -> (artifact id: 'bd2ca74cb810d60123dcfc0958d51020') in 0.002220 seconds
Number of updated asset objects reloaded before import = 0
Number of asset objects unloaded after import = 0
========================================================================
Received Import Request.
  Time since last request: 119.937793 seconds.
  path: Assets/Scripts/DeleteOnClickNewInput.cs
  artifactKey: Guid(988b64e3268995a4e9dc9bafa0f1f707) Importer(815301076,1909f56bfc062723c751e8b465ee728b)
Start importing Assets/Scripts/DeleteOnClickNewInput.cs using Guid(988b64e3268995a4e9dc9bafa0f1f707) Importer(815301076,1909f56bfc062723c751e8b465ee728b) [PhysX] Initialized MultithreadedTaskDispatcher with 24 workers.
 -> (artifact id: 'c05c6e7c54d86a550ed68741cf9685c1') in 0.000452 seconds
Number of updated asset objects reloaded before import = 0
Number of asset objects unloaded after import = 0
========================================================================
Received Prepare
Caller must complete domain reload
Begin MonoManager ReloadAssembly
- Loaded All Assemblies, in  0.290 seconds
Native extension for WindowsStandalone target not found
Native extension for iOS target not found
Native extension for WebGL target not found
Mono: successfully reloaded assembly
- Finished resetting the current domain, in  0.712 seconds
Domain Reload Profiling: 1000ms
	BeginReloadAssembly (104ms)
		ExecutionOrderSort (0ms)
		DisableScriptedObjects (3ms)
		BackupInstance (0ms)
		ReleaseScriptingObjects (0ms)
		CreateAndSetChildDomain (22ms)
	RebuildCommonClasses (18ms)
	RebuildNativeTypeToScriptingClass (6ms)
	initialDomainReloadingComplete (19ms)
	LoadAllAssembliesAndSetupDomain (141ms)
		LoadAssemblies (177ms)
		RebuildTransferFunctionScriptingTraits (0ms)
		AnalyzeDomain (17ms)
			TypeCache.Refresh (6ms)
				TypeCache.ScanAssembly (0ms)
			ScanForSourceGeneratedMonoScriptInfo (7ms)
			ResolveRequiredComponents (3ms)
	FinalizeReload (712ms)
		ReleaseScriptCaches (0ms)
		RebuildScriptCaches (0ms)
		SetupLoadedEditorAssemblies (274ms)
			LogAssemblyErrors (0ms)
			InitializePlatformSupportModulesInManaged (16ms)
			SetLoadedEditorAssemblies (3ms)
			RefreshPlugins (0ms)
			BeforeProcessingInitializeOnLoad (41ms)
			ProcessInitializeOnLoadAttributes (200ms)
			ProcessInitializeOnLoadMethodAttributes (10ms)
			AfterProcessingInitializeOnLoad (4ms)
			EditorAssembliesLoaded (0ms)
		ExecutionOrderSort2 (0ms)
		AwakeInstancesAfterBackupRestoration (5ms)
Refreshing native plugins compatible for Editor in 2.42 ms, found 3 plugins.
Preloading 0 native plugins for Editor in 0.00 ms.
Unloading 3605 Unused Serialized files (Serialized files now loaded: 0)
Unloading 14 unused Assets / (28.5 KB). Loaded Objects now: 4085.
Memory consumption went from 128.0 MB to 128.0 MB.
Total: 1.876700 ms (FindLiveObjects: 0.178500 ms CreateObjectMapping: 0.066400 ms MarkObjects: 1.605000 ms  DeleteObjects: 0.026200 ms)

Prepare: number of updated asset objects reloaded= 0
AssetImportParameters requested are different than current active one (requested -> active):
  custom:container-demuxer-ogg: 62fdf1f143b41e24485cea50d1cbac27 -> 
  custom:video-codec-MediaFoundation-h265: 746d11721c4dcdbdad8f713fa42b33f4 -> 
  custom:video-decoder-ogg-theora: a1e56fd34408186e4bbccfd4996cb3dc -> 
  custom:framework-win-MediaFoundation: 216162199b28c13a410421893ffa2e32 -> 
  custom:CustomObjectIndexerAttribute: 9a22284fe3817be447336de3de66b15e -> 
  custom:container-demuxer-webm: 4f35f7cbe854078d1ac9338744f61a02 -> 
  custom:container-muxer-webm: aa71ff27fc2769a1b78a27578f13a17b -> 
  custom:video-decoder-webm-vp8: 9c59270c3fd7afecdb556c50c9e8de78 -> 
  custom:SearchIndexIgnoredProperties: e643bd26f0fe6173181afceb89e7c659 -> 
  custom:AudioImporter_EditorPlatform: d09bf68614088b80899f8185d706f6e7 -> 
  custom:video-encoder-webm-vp8: eb34c28f22e8b96e1ab97ce403110664 -> 
  custom:audio-decoder-ogg-vorbis: bf7c407c2cedff20999df2af8eb42d56 -> 
  custom:audio-encoder-webm-vorbis: bf7c407c2cedff20999df2af8eb42d56 -> 
========================================================================
Received Prepare
Caller must complete domain reload
Begin MonoManager ReloadAssembly
- Loaded All Assemblies, in  0.272 seconds
Native extension for WindowsStandalone target not found
Native extension for iOS target not found
Native extension for WebGL target not found
Mono: successfully reloaded assembly
- Finished resetting the current domain, in  0.700 seconds
Domain Reload Profiling: 971ms
	BeginReloadAssembly (96ms)
		ExecutionOrderSort (0ms)
		DisableScriptedObjects (3ms)
		BackupInstance (0ms)
		ReleaseScriptingObjects (0ms)
		CreateAndSetChildDomain (17ms)
	RebuildCommonClasses (19ms)
	RebuildNativeTypeToScriptingClass (6ms)
	initialDomainReloadingComplete (17ms)
	LoadAllAssembliesAndSetupDomain (133ms)
		LoadAssemblies (175ms)
		RebuildTransferFunctionScriptingTraits (0ms)
		AnalyzeDomain (9ms)
			TypeCache.Refresh (5ms)
				TypeCache.ScanAssembly (0ms)
			ScanForSourceGeneratedMonoScriptInfo (0ms)
			ResolveRequiredComponents (3ms)
	FinalizeReload (701ms)
		ReleaseScriptCaches (0ms)
		RebuildScriptCaches (0ms)
		SetupLoadedEditorAssemblies (258ms)
			LogAssemblyErrors (0ms)
			InitializePlatformSupportModulesInManaged (15ms)
			SetLoadedEditorAssemblies (3ms)
			RefreshPlugins (0ms)
			BeforeProcessingInitializeOnLoad (35ms)
			ProcessInitializeOnLoadAttributes (190ms)
			ProcessInitializeOnLoadMethodAttributes (11ms)
			AfterProcessingInitializeOnLoad (4ms)
			EditorAssembliesLoaded (0ms)
		ExecutionOrderSort2 (0ms)
		AwakeInstancesAfterBackupRestoration (5ms)
Refreshing native plugins compatible for Editor in 3.67 ms, found 3 plugins.
Preloading 0 native plugins for Editor in 0.00 ms.
Unloading 3606 Unused Serialized files (Serialized files now loaded: 0)
Unloading 14 unused Assets / (28.5 KB). Loaded Objects now: 4088.
Memory consumption went from 128.3 MB to 128.3 MB.
Total: 1.878100 ms (FindLiveObjects: 0.160300 ms CreateObjectMapping: 0.044600 ms MarkObjects: 1.646800 ms  DeleteObjects: 0.025600 ms)

Prepare: number of updated asset objects reloaded= 0
AssetImportParameters requested are different than current active one (requested -> active):
  custom:container-demuxer-ogg: 62fdf1f143b41e24485cea50d1cbac27 -> 
  custom:video-codec-MediaFoundation-h265: 746d11721c4dcdbdad8f713fa42b33f4 -> 
  custom:video-decoder-ogg-theora: a1e56fd34408186e4bbccfd4996cb3dc -> 
  custom:framework-win-MediaFoundation: 216162199b28c13a410421893ffa2e32 -> 
  custom:CustomObjectIndexerAttribute: 9a22284fe3817be447336de3de66b15e -> 
  custom:container-demuxer-webm: 4f35f7cbe854078d1ac9338744f61a02 -> 
  custom:container-muxer-webm: aa71ff27fc2769a1b78a27578f13a17b -> 
  custom:video-decoder-webm-vp8: 9c59270c3fd7afecdb556c50c9e8de78 -> 
  custom:SearchIndexIgnoredProperties: e643bd26f0fe6173181afceb89e7c659 -> 
  custom:AudioImporter_EditorPlatform: d09bf68614088b80899f8185d706f6e7 -> 
  custom:video-encoder-webm-vp8: eb34c28f22e8b96e1ab97ce403110664 -> 
  custom:audio-decoder-ogg-vorbis: bf7c407c2cedff20999df2af8eb42d56 -> 
  custom:audio-encoder-webm-vorbis: bf7c407c2cedff20999df2af8eb42d56 -> 
========================================================================
Received Prepare
Caller must complete domain reload
Begin MonoManager ReloadAssembly
- Loaded All Assemblies, in  0.285 seconds
Native extension for WindowsStandalone target not found
Native extension for iOS target not found
Native extension for WebGL target not found
Mono: successfully reloaded assembly
- Finished resetting the current domain, in  0.731 seconds
Domain Reload Profiling: 1014ms
	BeginReloadAssembly (97ms)
		ExecutionOrderSort (0ms)
		DisableScriptedObjects (3ms)
		BackupInstance (0ms)
		ReleaseScriptingObjects (0ms)
		CreateAndSetChildDomain (17ms)
	RebuildCommonClasses (19ms)
	RebuildNativeTypeToScriptingClass (6ms)
	initialDomainReloadingComplete (18ms)
	LoadAllAssembliesAndSetupDomain (144ms)
		LoadAssemblies (180ms)
		RebuildTransferFunctionScriptingTraits (0ms)
		AnalyzeDomain (18ms)
			TypeCache.Refresh (6ms)
				TypeCache.ScanAssembly (0ms)
			ScanForSourceGeneratedMonoScriptInfo (7ms)
			ResolveRequiredComponents (3ms)
	FinalizeReload (731ms)
		ReleaseScriptCaches (0ms)
		RebuildScriptCaches (0ms)
		SetupLoadedEditorAssemblies (312ms)
			LogAssemblyErrors (0ms)
			InitializePlatformSupportModulesInManaged (15ms)
			SetLoadedEditorAssemblies (3ms)
			RefreshPlugins (0ms)
			BeforeProcessingInitializeOnLoad (58ms)
			ProcessInitializeOnLoadAttributes (215ms)
			ProcessInitializeOnLoadMethodAttributes (16ms)
			AfterProcessingInitializeOnLoad (4ms)
			EditorAssembliesLoaded (0ms)
		ExecutionOrderSort2 (0ms)
		AwakeInstancesAfterBackupRestoration (5ms)
Refreshing native plugins compatible for Editor in 2.47 ms, found 3 plugins.
Preloading 0 native plugins for Editor in 0.00 ms.
Unloading 3606 Unused Serialized files (Serialized files now loaded: 0)
Unloading 14 unused Assets / (28.5 KB). Loaded Objects now: 4091.
Memory consumption went from 128.3 MB to 128.3 MB.
Total: 1.860800 ms (FindLiveObjects: 0.140300 ms CreateObjectMapping: 0.044600 ms MarkObjects: 1.646400 ms  DeleteObjects: 0.028800 ms)

Prepare: number of updated asset objects reloaded= 0
AssetImportParameters requested are different than current active one (requested -> active):
  custom:container-demuxer-ogg: 62fdf1f143b41e24485cea50d1cbac27 -> 
  custom:video-codec-MediaFoundation-h265: 746d11721c4dcdbdad8f713fa42b33f4 -> 
  custom:video-decoder-ogg-theora: a1e56fd34408186e4bbccfd4996cb3dc -> 
  custom:framework-win-MediaFoundation: 216162199b28c13a410421893ffa2e32 -> 
  custom:CustomObjectIndexerAttribute: 9a22284fe3817be447336de3de66b15e -> 
  custom:container-demuxer-webm: 4f35f7cbe854078d1ac9338744f61a02 -> 
  custom:container-muxer-webm: aa71ff27fc2769a1b78a27578f13a17b -> 
  custom:video-decoder-webm-vp8: 9c59270c3fd7afecdb556c50c9e8de78 -> 
  custom:SearchIndexIgnoredProperties: e643bd26f0fe6173181afceb89e7c659 -> 
  custom:AudioImporter_EditorPlatform: d09bf68614088b80899f8185d706f6e7 -> 
  custom:video-encoder-webm-vp8: eb34c28f22e8b96e1ab97ce403110664 -> 
  custom:audio-decoder-ogg-vorbis: bf7c407c2cedff20999df2af8eb42d56 -> 
  custom:audio-encoder-webm-vorbis: bf7c407c2cedff20999df2af8eb42d56 -> 
========================================================================
Received Prepare
Caller must complete domain reload
Begin MonoManager ReloadAssembly
- Loaded All Assemblies, in  0.272 seconds
Native extension for WindowsStandalone target not found
Native extension for iOS target not found
Native extension for WebGL target not found
Mono: successfully reloaded assembly
- Finished resetting the current domain, in  0.938 seconds
Domain Reload Profiling: 1209ms
	BeginReloadAssembly (100ms)
		ExecutionOrderSort (0ms)
		DisableScriptedObjects (3ms)
		BackupInstance (0ms)
		ReleaseScriptingObjects (0ms)
		CreateAndSetChildDomain (17ms)
	RebuildCommonClasses (18ms)
	RebuildNativeTypeToScriptingClass (5ms)
	initialDomainReloadingComplete (17ms)
	LoadAllAssembliesAndSetupDomain (131ms)
		LoadAssemblies (177ms)
		RebuildTransferFunctionScriptingTraits (0ms)
		AnalyzeDomain (10ms)
			TypeCache.Refresh (5ms)
				TypeCache.ScanAssembly (0ms)
			ScanForSourceGeneratedMonoScriptInfo (0ms)
			ResolveRequiredComponents (3ms)
	FinalizeReload (938ms)
		ReleaseScriptCaches (0ms)
		RebuildScriptCaches (0ms)
		SetupLoadedEditorAssemblies (368ms)
			LogAssemblyErrors (0ms)
			InitializePlatformSupportModulesInManaged (19ms)
			SetLoadedEditorAssemblies (3ms)
			RefreshPlugins (0ms)
			BeforeProcessingInitializeOnLoad (56ms)
			ProcessInitializeOnLoadAttributes (269ms)
			ProcessInitializeOnLoadMethodAttributes (15ms)
			AfterProcessingInitializeOnLoad (5ms)
			EditorAssembliesLoaded (0ms)
		ExecutionOrderSort2 (0ms)
		AwakeInstancesAfterBackupRestoration (6ms)
Refreshing native plugins compatible for Editor in 3.96 ms, found 3 plugins.
Preloading 0 native plugins for Editor in 0.00 ms.
Unloading 3606 Unused Serialized files (Serialized files now loaded: 0)
Unloading 14 unused Assets / (28.5 KB). Loaded Objects now: 4094.
Memory consumption went from 128.3 MB to 128.3 MB.
Total: 2.015700 ms (FindLiveObjects: 0.154100 ms CreateObjectMapping: 0.045700 ms MarkObjects: 1.786100 ms  DeleteObjects: 0.029000 ms)

Prepare: number of updated asset objects reloaded= 0
AssetImportParameters requested are different than current active one (requested -> active):
  custom:container-demuxer-ogg: 62fdf1f143b41e24485cea50d1cbac27 -> 
  custom:video-codec-MediaFoundation-h265: 746d11721c4dcdbdad8f713fa42b33f4 -> 
  custom:video-decoder-ogg-theora: a1e56fd34408186e4bbccfd4996cb3dc -> 
  custom:framework-win-MediaFoundation: 216162199b28c13a410421893ffa2e32 -> 
  custom:CustomObjectIndexerAttribute: 9a22284fe3817be447336de3de66b15e -> 
  custom:container-demuxer-webm: 4f35f7cbe854078d1ac9338744f61a02 -> 
  custom:container-muxer-webm: aa71ff27fc2769a1b78a27578f13a17b -> 
  custom:video-decoder-webm-vp8: 9c59270c3fd7afecdb556c50c9e8de78 -> 
  custom:SearchIndexIgnoredProperties: e643bd26f0fe6173181afceb89e7c659 -> 
  custom:AudioImporter_EditorPlatform: d09bf68614088b80899f8185d706f6e7 -> 
  custom:video-encoder-webm-vp8: eb34c28f22e8b96e1ab97ce403110664 -> 
  custom:audio-decoder-ogg-vorbis: bf7c407c2cedff20999df2af8eb42d56 -> 
  custom:audio-encoder-webm-vorbis: bf7c407c2cedff20999df2af8eb42d56 -> 
========================================================================
Received Prepare
Caller must complete domain reload
Begin MonoManager ReloadAssembly
- Loaded All Assemblies, in  0.293 seconds
Native extension for WindowsStandalone target not found
Native extension for iOS target not found
Native extension for WebGL target not found
Mono: successfully reloaded assembly
- Finished resetting the current domain, in  0.642 seconds
Domain Reload Profiling: 934ms
	BeginReloadAssembly (98ms)
		ExecutionOrderSort (0ms)
		DisableScriptedObjects (3ms)
		BackupInstance (0ms)
		ReleaseScriptingObjects (0ms)
		CreateAndSetChildDomain (18ms)
	RebuildCommonClasses (19ms)
	RebuildNativeTypeToScriptingClass (6ms)
	initialDomainReloadingComplete (18ms)
	LoadAllAssembliesAndSetupDomain (151ms)
		LoadAssemblies (187ms)
		RebuildTransferFunctionScriptingTraits (0ms)
		AnalyzeDomain (17ms)
			TypeCache.Refresh (6ms)
				TypeCache.ScanAssembly (0ms)
			ScanForSourceGeneratedMonoScriptInfo (7ms)
			ResolveRequiredComponents (3ms)
	FinalizeReload (642ms)
		ReleaseScriptCaches (0ms)
		RebuildScriptCaches (0ms)
		SetupLoadedEditorAssemblies (261ms)
			LogAssemblyErrors (0ms)
			InitializePlatformSupportModulesInManaged (14ms)
			SetLoadedEditorAssemblies (3ms)
			RefreshPlugins (0ms)
			BeforeProcessingInitializeOnLoad (39ms)
			ProcessInitializeOnLoadAttributes (191ms)
			ProcessInitializeOnLoadMethodAttributes (11ms)
			AfterProcessingInitializeOnLoad (3ms)
			EditorAssembliesLoaded (0ms)
		ExecutionOrderSort2 (0ms)
		AwakeInstancesAfterBackupRestoration (5ms)
Refreshing native plugins compatible for Editor in 2.61 ms, found 3 plugins.
Preloading 0 native plugins for Editor in 0.00 ms.
Unloading 3606 Unused Serialized files (Serialized files now loaded: 0)
Unloading 14 unused Assets / (28.5 KB). Loaded Objects now: 4097.
Memory consumption went from 128.3 MB to 128.3 MB.
Total: 1.875900 ms (FindLiveObjects: 0.142900 ms CreateObjectMapping: 0.040900 ms MarkObjects: 1.663000 ms  DeleteObjects: 0.028400 ms)

Prepare: number of updated asset objects reloaded= 0
AssetImportParameters requested are different than current active one (requested -> active):
  custom:container-demuxer-ogg: 62fdf1f143b41e24485cea50d1cbac27 -> 
  custom:video-codec-MediaFoundation-h265: 746d11721c4dcdbdad8f713fa42b33f4 -> 
  custom:video-decoder-ogg-theora: a1e56fd34408186e4bbccfd4996cb3dc -> 
  custom:framework-win-MediaFoundation: 216162199b28c13a410421893ffa2e32 -> 
  custom:CustomObjectIndexerAttribute: 9a22284fe3817be447336de3de66b15e -> 
  custom:container-demuxer-webm: 4f35f7cbe854078d1ac9338744f61a02 -> 
  custom:container-muxer-webm: aa71ff27fc2769a1b78a27578f13a17b -> 
  custom:video-decoder-webm-vp8: 9c59270c3fd7afecdb556c50c9e8de78 -> 
  custom:SearchIndexIgnoredProperties: e643bd26f0fe6173181afceb89e7c659 -> 
  custom:AudioImporter_EditorPlatform: d09bf68614088b80899f8185d706f6e7 -> 
  custom:video-encoder-webm-vp8: eb34c28f22e8b96e1ab97ce403110664 -> 
  custom:audio-decoder-ogg-vorbis: bf7c407c2cedff20999df2af8eb42d56 -> 
  custom:audio-encoder-webm-vorbis: bf7c407c2cedff20999df2af8eb42d56 -> 
========================================================================
Received Prepare
Caller must complete domain reload
Begin MonoManager ReloadAssembly
- Loaded All Assemblies, in  0.280 seconds
Native extension for WindowsStandalone target not found
Native extension for iOS target not found
Native extension for WebGL target not found
Mono: successfully reloaded assembly
- Finished resetting the current domain, in  0.878 seconds
Domain Reload Profiling: 1157ms
	BeginReloadAssembly (99ms)
		ExecutionOrderSort (0ms)
		DisableScriptedObjects (3ms)
		BackupInstance (0ms)
		ReleaseScriptingObjects (0ms)
		CreateAndSetChildDomain (18ms)
	RebuildCommonClasses (19ms)
	RebuildNativeTypeToScriptingClass (6ms)
	initialDomainReloadingComplete (18ms)
	LoadAllAssembliesAndSetupDomain (137ms)
		LoadAssemblies (182ms)
		RebuildTransferFunctionScriptingTraits (0ms)
		AnalyzeDomain (9ms)
			TypeCache.Refresh (4ms)
				TypeCache.ScanAssembly (0ms)
			ScanForSourceGeneratedMonoScriptInfo (0ms)
			ResolveRequiredComponents (3ms)
	FinalizeReload (879ms)
		ReleaseScriptCaches (0ms)
		RebuildScriptCaches (0ms)
		SetupLoadedEditorAssemblies (395ms)
			LogAssemblyErrors (0ms)
			InitializePlatformSupportModulesInManaged (23ms)
			SetLoadedEditorAssemblies (3ms)
			RefreshPlugins (0ms)
			BeforeProcessingInitializeOnLoad (59ms)
			ProcessInitializeOnLoadAttributes (288ms)
			ProcessInitializeOnLoadMethodAttributes (16ms)
			AfterProcessingInitializeOnLoad (6ms)
			EditorAssembliesLoaded (0ms)
		ExecutionOrderSort2 (0ms)
		AwakeInstancesAfterBackupRestoration (6ms)
Refreshing native plugins compatible for Editor in 3.99 ms, found 3 plugins.
Preloading 0 native plugins for Editor in 0.00 ms.
Unloading 3606 Unused Serialized files (Serialized files now loaded: 0)
Unloading 14 unused Assets / (28.5 KB). Loaded Objects now: 4100.
Memory consumption went from 128.3 MB to 128.3 MB.
Total: 1.920100 ms (FindLiveObjects: 0.153300 ms CreateObjectMapping: 0.046400 ms MarkObjects: 1.666800 ms  DeleteObjects: 0.053000 ms)

Prepare: number of updated asset objects reloaded= 0
AssetImportParameters requested are different than current active one (requested -> active):
  custom:container-demuxer-ogg: 62fdf1f143b41e24485cea50d1cbac27 -> 
  custom:video-codec-MediaFoundation-h265: 746d11721c4dcdbdad8f713fa42b33f4 -> 
  custom:video-decoder-ogg-theora: a1e56fd34408186e4bbccfd4996cb3dc -> 
  custom:framework-win-MediaFoundation: 216162199b28c13a410421893ffa2e32 -> 
  custom:CustomObjectIndexerAttribute: 9a22284fe3817be447336de3de66b15e -> 
  custom:container-demuxer-webm: 4f35f7cbe854078d1ac9338744f61a02 -> 
  custom:container-muxer-webm: aa71ff27fc2769a1b78a27578f13a17b -> 
  custom:video-decoder-webm-vp8: 9c59270c3fd7afecdb556c50c9e8de78 -> 
  custom:SearchIndexIgnoredProperties: e643bd26f0fe6173181afceb89e7c659 -> 
  custom:AudioImporter_EditorPlatform: d09bf68614088b80899f8185d706f6e7 -> 
  custom:video-encoder-webm-vp8: eb34c28f22e8b96e1ab97ce403110664 -> 
  custom:audio-decoder-ogg-vorbis: bf7c407c2cedff20999df2af8eb42d56 -> 
  custom:audio-encoder-webm-vorbis: bf7c407c2cedff20999df2af8eb42d56 -> 
========================================================================
Received Prepare
Caller must complete domain reload
Begin MonoManager ReloadAssembly
- Loaded All Assemblies, in  0.299 seconds
Native extension for WindowsStandalone target not found
Native extension for iOS target not found
Native extension for WebGL target not found
Mono: successfully reloaded assembly
- Finished resetting the current domain, in  0.783 seconds
Domain Reload Profiling: 1080ms
	BeginReloadAssembly (116ms)
		ExecutionOrderSort (0ms)
		DisableScriptedObjects (4ms)
		BackupInstance (0ms)
		ReleaseScriptingObjects (0ms)
		CreateAndSetChildDomain (23ms)
	RebuildCommonClasses (21ms)
	RebuildNativeTypeToScriptingClass (6ms)
	initialDomainReloadingComplete (17ms)
	LoadAllAssembliesAndSetupDomain (137ms)
		LoadAssemblies (183ms)
		RebuildTransferFunctionScriptingTraits (0ms)
		AnalyzeDomain (18ms)
			TypeCache.Refresh (6ms)
				TypeCache.ScanAssembly (0ms)
			ScanForSourceGeneratedMonoScriptInfo (7ms)
			ResolveRequiredComponents (3ms)
	FinalizeReload (783ms)
		ReleaseScriptCaches (0ms)
		RebuildScriptCaches (0ms)
		SetupLoadedEditorAssemblies (319ms)
			LogAssemblyErrors (0ms)
			InitializePlatformSupportModulesInManaged (24ms)
			SetLoadedEditorAssemblies (3ms)
			RefreshPlugins (0ms)
			BeforeProcessingInitializeOnLoad (58ms)
			ProcessInitializeOnLoadAttributes (219ms)
			ProcessInitializeOnLoadMethodAttributes (11ms)
			AfterProcessingInitializeOnLoad (4ms)
			EditorAssembliesLoaded (0ms)
		ExecutionOrderSort2 (0ms)
		AwakeInstancesAfterBackupRestoration (5ms)
Refreshing native plugins compatible for Editor in 2.58 ms, found 3 plugins.
Preloading 0 native plugins for Editor in 0.00 ms.
Unloading 3606 Unused Serialized files (Serialized files now loaded: 0)
Unloading 14 unused Assets / (28.5 KB). Loaded Objects now: 4103.
Memory consumption went from 128.3 MB to 128.3 MB.
Total: 1.937500 ms (FindLiveObjects: 0.149100 ms CreateObjectMapping: 0.047000 ms MarkObjects: 1.710500 ms  DeleteObjects: 0.030200 ms)

Prepare: number of updated asset objects reloaded= 0
AssetImportParameters requested are different than current active one (requested -> active):
  custom:container-demuxer-ogg: 62fdf1f143b41e24485cea50d1cbac27 -> 
  custom:video-codec-MediaFoundation-h265: 746d11721c4dcdbdad8f713fa42b33f4 -> 
  custom:video-decoder-ogg-theora: a1e56fd34408186e4bbccfd4996cb3dc -> 
  custom:framework-win-MediaFoundation: 216162199b28c13a410421893ffa2e32 -> 
  custom:CustomObjectIndexerAttribute: 9a22284fe3817be447336de3de66b15e -> 
  custom:container-demuxer-webm: 4f35f7cbe854078d1ac9338744f61a02 -> 
  custom:container-muxer-webm: aa71ff27fc2769a1b78a27578f13a17b -> 
  custom:video-decoder-webm-vp8: 9c59270c3fd7afecdb556c50c9e8de78 -> 
  custom:SearchIndexIgnoredProperties: e643bd26f0fe6173181afceb89e7c659 -> 
  custom:AudioImporter_EditorPlatform: d09bf68614088b80899f8185d706f6e7 -> 
  custom:video-encoder-webm-vp8: eb34c28f22e8b96e1ab97ce403110664 -> 
  custom:audio-decoder-ogg-vorbis: bf7c407c2cedff20999df2af8eb42d56 -> 
  custom:audio-encoder-webm-vorbis: bf7c407c2cedff20999df2af8eb42d56 -> 
========================================================================
Received Prepare
Caller must complete domain reload
Begin MonoManager ReloadAssembly
- Loaded All Assemblies, in  0.282 seconds
Native extension for WindowsStandalone target not found
Native extension for iOS target not found
Native extension for WebGL target not found
Mono: successfully reloaded assembly
- Finished resetting the current domain, in  0.907 seconds
Domain Reload Profiling: 1187ms
	BeginReloadAssembly (101ms)
		ExecutionOrderSort (0ms)
		DisableScriptedObjects (3ms)
		BackupInstance (0ms)
		ReleaseScriptingObjects (0ms)
		CreateAndSetChildDomain (19ms)
	RebuildCommonClasses (19ms)
	RebuildNativeTypeToScriptingClass (6ms)
	initialDomainReloadingComplete (17ms)
	LoadAllAssembliesAndSetupDomain (137ms)
		LoadAssemblies (180ms)
		RebuildTransferFunctionScriptingTraits (0ms)
		AnalyzeDomain (9ms)
			TypeCache.Refresh (4ms)
				TypeCache.ScanAssembly (0ms)
			ScanForSourceGeneratedMonoScriptInfo (0ms)
			ResolveRequiredComponents (3ms)
	FinalizeReload (907ms)
		ReleaseScriptCaches (0ms)
		RebuildScriptCaches (0ms)
		SetupLoadedEditorAssemblies (352ms)
			LogAssemblyErrors (0ms)
			InitializePlatformSupportModulesInManaged (22ms)
			SetLoadedEditorAssemblies (3ms)
			RefreshPlugins (0ms)
			BeforeProcessingInitializeOnLoad (54ms)
			ProcessInitializeOnLoadAttributes (255ms)
			ProcessInitializeOnLoadMethodAttributes (13ms)
			AfterProcessingInitializeOnLoad (4ms)
			EditorAssembliesLoaded (0ms)
		ExecutionOrderSort2 (0ms)
		AwakeInstancesAfterBackupRestoration (6ms)
Refreshing native plugins compatible for Editor in 3.36 ms, found 3 plugins.
Preloading 0 native plugins for Editor in 0.00 ms.
Unloading 3606 Unused Serialized files (Serialized files now loaded: 0)
Unloading 14 unused Assets / (28.5 KB). Loaded Objects now: 4106.
Memory consumption went from 128.3 MB to 128.3 MB.
Total: 2.142900 ms (FindLiveObjects: 0.145600 ms CreateObjectMapping: 0.043100 ms MarkObjects: 1.927100 ms  DeleteObjects: 0.026400 ms)

Prepare: number of updated asset objects reloaded= 0
AssetImportParameters requested are different than current active one (requested -> active):
  custom:container-demuxer-ogg: 62fdf1f143b41e24485cea50d1cbac27 -> 
  custom:video-codec-MediaFoundation-h265: 746d11721c4dcdbdad8f713fa42b33f4 -> 
  custom:video-decoder-ogg-theora: a1e56fd34408186e4bbccfd4996cb3dc -> 
  custom:framework-win-MediaFoundation: 216162199b28c13a410421893ffa2e32 -> 
  custom:CustomObjectIndexerAttribute: 9a22284fe3817be447336de3de66b15e -> 
  custom:container-demuxer-webm: 4f35f7cbe854078d1ac9338744f61a02 -> 
  custom:container-muxer-webm: aa71ff27fc2769a1b78a27578f13a17b -> 
  custom:video-decoder-webm-vp8: 9c59270c3fd7afecdb556c50c9e8de78 -> 
  custom:SearchIndexIgnoredProperties: e643bd26f0fe6173181afceb89e7c659 -> 
  custom:AudioImporter_EditorPlatform: d09bf68614088b80899f8185d706f6e7 -> 
  custom:video-encoder-webm-vp8: eb34c28f22e8b96e1ab97ce403110664 -> 
  custom:audio-decoder-ogg-vorbis: bf7c407c2cedff20999df2af8eb42d56 -> 
  custom:audio-encoder-webm-vorbis: bf7c407c2cedff20999df2af8eb42d56 -> 
========================================================================
Received Prepare
Caller must complete domain reload
Begin MonoManager ReloadAssembly
- Loaded All Assemblies, in  0.275 seconds
Native extension for WindowsStandalone target not found
Native extension for iOS target not found
Native extension for WebGL target not found
Mono: successfully reloaded assembly
- Finished resetting the current domain, in  0.783 seconds
Domain Reload Profiling: 1057ms
	BeginReloadAssembly (94ms)
		ExecutionOrderSort (0ms)
		DisableScriptedObjects (3ms)
		BackupInstance (0ms)
		ReleaseScriptingObjects (0ms)
		CreateAndSetChildDomain (17ms)
	RebuildCommonClasses (18ms)
	RebuildNativeTypeToScriptingClass (6ms)
	initialDomainReloadingComplete (17ms)
	LoadAllAssembliesAndSetupDomain (139ms)
		LoadAssemblies (181ms)
		RebuildTransferFunctionScriptingTraits (0ms)
		AnalyzeDomain (9ms)
			TypeCache.Refresh (4ms)
				TypeCache.ScanAssembly (0ms)
			ScanForSourceGeneratedMonoScriptInfo (0ms)
			ResolveRequiredComponents (3ms)
	FinalizeReload (783ms)
		ReleaseScriptCaches (0ms)
		RebuildScriptCaches (0ms)
		SetupLoadedEditorAssemblies (318ms)
			LogAssemblyErrors (0ms)
			InitializePlatformSupportModulesInManaged (18ms)
			SetLoadedEditorAssemblies (3ms)
			RefreshPlugins (0ms)
			BeforeProcessingInitializeOnLoad (45ms)
			ProcessInitializeOnLoadAttributes (234ms)
			ProcessInitializeOnLoadMethodAttributes (14ms)
			AfterProcessingInitializeOnLoad (5ms)
			EditorAssembliesLoaded (0ms)
		ExecutionOrderSort2 (0ms)
		AwakeInstancesAfterBackupRestoration (6ms)
Refreshing native plugins compatible for Editor in 3.40 ms, found 3 plugins.
Preloading 0 native plugins for Editor in 0.00 ms.
Unloading 3606 Unused Serialized files (Serialized files now loaded: 0)
Unloading 14 unused Assets / (28.6 KB). Loaded Objects now: 4109.
Memory consumption went from 128.3 MB to 128.3 MB.
Total: 2.010400 ms (FindLiveObjects: 0.179600 ms CreateObjectMapping: 0.046100 ms MarkObjects: 1.757500 ms  DeleteObjects: 0.026800 ms)

Prepare: number of updated asset objects reloaded= 0
AssetImportParameters requested are different than current active one (requested -> active):
  custom:container-demuxer-ogg: 62fdf1f143b41e24485cea50d1cbac27 -> 
  custom:video-codec-MediaFoundation-h265: 746d11721c4dcdbdad8f713fa42b33f4 -> 
  custom:video-decoder-ogg-theora: a1e56fd34408186e4bbccfd4996cb3dc -> 
  custom:framework-win-MediaFoundation: 216162199b28c13a410421893ffa2e32 -> 
  custom:CustomObjectIndexerAttribute: 9a22284fe3817be447336de3de66b15e -> 
  custom:container-demuxer-webm: 4f35f7cbe854078d1ac9338744f61a02 -> 
  custom:container-muxer-webm: aa71ff27fc2769a1b78a27578f13a17b -> 
  custom:video-decoder-webm-vp8: 9c59270c3fd7afecdb556c50c9e8de78 -> 
  custom:SearchIndexIgnoredProperties: e643bd26f0fe6173181afceb89e7c659 -> 
  custom:AudioImporter_EditorPlatform: d09bf68614088b80899f8185d706f6e7 -> 
  custom:video-encoder-webm-vp8: eb34c28f22e8b96e1ab97ce403110664 -> 
  custom:audio-decoder-ogg-vorbis: bf7c407c2cedff20999df2af8eb42d56 -> 
  custom:audio-encoder-webm-vorbis: bf7c407c2cedff20999df2af8eb42d56 -> 
========================================================================
Received Prepare
Caller must complete domain reload
Begin MonoManager ReloadAssembly
- Loaded All Assemblies, in  0.291 seconds
Native extension for WindowsStandalone target not found
Native extension for iOS target not found
Native extension for WebGL target not found
Mono: successfully reloaded assembly
- Finished resetting the current domain, in  0.798 seconds
Domain Reload Profiling: 1088ms
	BeginReloadAssembly (97ms)
		ExecutionOrderSort (0ms)
		DisableScriptedObjects (3ms)
		BackupInstance (0ms)
		ReleaseScriptingObjects (0ms)
		CreateAndSetChildDomain (17ms)
	RebuildCommonClasses (19ms)
	RebuildNativeTypeToScriptingClass (10ms)
	initialDomainReloadingComplete (22ms)
	LoadAllAssembliesAndSetupDomain (142ms)
		LoadAssemblies (184ms)
		RebuildTransferFunctionScriptingTraits (0ms)
		AnalyzeDomain (10ms)
			TypeCache.Refresh (5ms)
				TypeCache.ScanAssembly (0ms)
			ScanForSourceGeneratedMonoScriptInfo (0ms)
			ResolveRequiredComponents (3ms)
	FinalizeReload (798ms)
		ReleaseScriptCaches (0ms)
		RebuildScriptCaches (0ms)
		SetupLoadedEditorAssemblies (314ms)
			LogAssemblyErrors (0ms)
			InitializePlatformSupportModulesInManaged (16ms)
			SetLoadedEditorAssemblies (3ms)
			RefreshPlugins (0ms)
			BeforeProcessingInitializeOnLoad (43ms)
			ProcessInitializeOnLoadAttributes (235ms)
			ProcessInitializeOnLoadMethodAttributes (13ms)
			AfterProcessingInitializeOnLoad (5ms)
			EditorAssembliesLoaded (0ms)
		ExecutionOrderSort2 (0ms)
		AwakeInstancesAfterBackupRestoration (6ms)
Refreshing native plugins compatible for Editor in 4.14 ms, found 3 plugins.
Preloading 0 native plugins for Editor in 0.00 ms.
Unloading 3606 Unused Serialized files (Serialized files now loaded: 0)
Unloading 14 unused Assets / (28.6 KB). Loaded Objects now: 4112.
Memory consumption went from 128.3 MB to 128.3 MB.
Total: 2.233400 ms (FindLiveObjects: 0.169700 ms CreateObjectMapping: 0.048400 ms MarkObjects: 1.986300 ms  DeleteObjects: 0.028500 ms)

Prepare: number of updated asset objects reloaded= 0
AssetImportParameters requested are different than current active one (requested -> active):
  custom:container-demuxer-ogg: 62fdf1f143b41e24485cea50d1cbac27 -> 
  custom:video-codec-MediaFoundation-h265: 746d11721c4dcdbdad8f713fa42b33f4 -> 
  custom:video-decoder-ogg-theora: a1e56fd34408186e4bbccfd4996cb3dc -> 
  custom:framework-win-MediaFoundation: 216162199b28c13a410421893ffa2e32 -> 
  custom:CustomObjectIndexerAttribute: 9a22284fe3817be447336de3de66b15e -> 
  custom:container-demuxer-webm: 4f35f7cbe854078d1ac9338744f61a02 -> 
  custom:container-muxer-webm: aa71ff27fc2769a1b78a27578f13a17b -> 
  custom:video-decoder-webm-vp8: 9c59270c3fd7afecdb556c50c9e8de78 -> 
  custom:SearchIndexIgnoredProperties: e643bd26f0fe6173181afceb89e7c659 -> 
  custom:AudioImporter_EditorPlatform: d09bf68614088b80899f8185d706f6e7 -> 
  custom:video-encoder-webm-vp8: eb34c28f22e8b96e1ab97ce403110664 -> 
  custom:audio-decoder-ogg-vorbis: bf7c407c2cedff20999df2af8eb42d56 -> 
  custom:audio-encoder-webm-vorbis: bf7c407c2cedff20999df2af8eb42d56 -> 
========================================================================
Received Prepare
Caller must complete domain reload
Begin MonoManager ReloadAssembly
- Loaded All Assemblies, in  0.278 seconds
Native extension for WindowsStandalone target not found
Native extension for iOS target not found
Native extension for WebGL target not found
Mono: successfully reloaded assembly
- Finished resetting the current domain, in  0.706 seconds
Domain Reload Profiling: 983ms
	BeginReloadAssembly (96ms)
		ExecutionOrderSort (0ms)
		DisableScriptedObjects (3ms)
		BackupInstance (0ms)
		ReleaseScriptingObjects (0ms)
		CreateAndSetChildDomain (18ms)
	RebuildCommonClasses (19ms)
	RebuildNativeTypeToScriptingClass (6ms)
	initialDomainReloadingComplete (17ms)
	LoadAllAssembliesAndSetupDomain (138ms)
		LoadAssemblies (180ms)
		RebuildTransferFunctionScriptingTraits (0ms)
		AnalyzeDomain (10ms)
			TypeCache.Refresh (5ms)
				TypeCache.ScanAssembly (0ms)
			ScanForSourceGeneratedMonoScriptInfo (0ms)
			ResolveRequiredComponents (3ms)
	FinalizeReload (707ms)
		ReleaseScriptCaches (0ms)
		RebuildScriptCaches (0ms)
		SetupLoadedEditorAssemblies (314ms)
			LogAssemblyErrors (0ms)
			InitializePlatformSupportModulesInManaged (17ms)
			SetLoadedEditorAssemblies (3ms)
			RefreshPlugins (0ms)
			BeforeProcessingInitializeOnLoad (42ms)
			ProcessInitializeOnLoadAttributes (234ms)
			ProcessInitializeOnLoadMethodAttributes (13ms)
			AfterProcessingInitializeOnLoad (5ms)
			EditorAssembliesLoaded (0ms)
		ExecutionOrderSort2 (0ms)
		AwakeInstancesAfterBackupRestoration (6ms)
Refreshing native plugins compatible for Editor in 3.31 ms, found 3 plugins.
Preloading 0 native plugins for Editor in 0.00 ms.
Unloading 3606 Unused Serialized files (Serialized files now loaded: 0)
Unloading 14 unused Assets / (28.6 KB). Loaded Objects now: 4115.
Memory consumption went from 128.3 MB to 128.3 MB.
Total: 2.049800 ms (FindLiveObjects: 0.151900 ms CreateObjectMapping: 0.044500 ms MarkObjects: 1.824500 ms  DeleteObjects: 0.028200 ms)

Prepare: number of updated asset objects reloaded= 0
AssetImportParameters requested are different than current active one (requested -> active):
  custom:container-demuxer-ogg: 62fdf1f143b41e24485cea50d1cbac27 -> 
  custom:video-codec-MediaFoundation-h265: 746d11721c4dcdbdad8f713fa42b33f4 -> 
  custom:video-decoder-ogg-theora: a1e56fd34408186e4bbccfd4996cb3dc -> 
  custom:framework-win-MediaFoundation: 216162199b28c13a410421893ffa2e32 -> 
  custom:CustomObjectIndexerAttribute: 9a22284fe3817be447336de3de66b15e -> 
  custom:container-demuxer-webm: 4f35f7cbe854078d1ac9338744f61a02 -> 
  custom:container-muxer-webm: aa71ff27fc2769a1b78a27578f13a17b -> 
  custom:video-decoder-webm-vp8: 9c59270c3fd7afecdb556c50c9e8de78 -> 
  custom:SearchIndexIgnoredProperties: e643bd26f0fe6173181afceb89e7c659 -> 
  custom:AudioImporter_EditorPlatform: d09bf68614088b80899f8185d706f6e7 -> 
  custom:video-encoder-webm-vp8: eb34c28f22e8b96e1ab97ce403110664 -> 
  custom:audio-decoder-ogg-vorbis: bf7c407c2cedff20999df2af8eb42d56 -> 
  custom:audio-encoder-webm-vorbis: bf7c407c2cedff20999df2af8eb42d56 -> 
========================================================================
Received Prepare
Caller must complete domain reload
Begin MonoManager ReloadAssembly
- Loaded All Assemblies, in  0.278 seconds
Native extension for WindowsStandalone target not found
Native extension for iOS target not found
Native extension for WebGL target not found
Mono: successfully reloaded assembly
- Finished resetting the current domain, in  0.679 seconds
Domain Reload Profiling: 956ms
	BeginReloadAssembly (97ms)
		ExecutionOrderSort (0ms)
		DisableScriptedObjects (3ms)
		BackupInstance (0ms)
		ReleaseScriptingObjects (0ms)
		CreateAndSetChildDomain (18ms)
	RebuildCommonClasses (19ms)
	RebuildNativeTypeToScriptingClass (6ms)
	initialDomainReloadingComplete (18ms)
	LoadAllAssembliesAndSetupDomain (137ms)
		LoadAssemblies (180ms)
		RebuildTransferFunctionScriptingTraits (0ms)
		AnalyzeDomain (10ms)
			TypeCache.Refresh (4ms)
				TypeCache.ScanAssembly (0ms)
			ScanForSourceGeneratedMonoScriptInfo (0ms)
			ResolveRequiredComponents (3ms)
	FinalizeReload (679ms)
		ReleaseScriptCaches (0ms)
		RebuildScriptCaches (0ms)
		SetupLoadedEditorAssemblies (293ms)
			LogAssemblyErrors (0ms)
			InitializePlatformSupportModulesInManaged (15ms)
			SetLoadedEditorAssemblies (3ms)
			RefreshPlugins (0ms)
			BeforeProcessingInitializeOnLoad (40ms)
			ProcessInitializeOnLoadAttributes (220ms)
			ProcessInitializeOnLoadMethodAttributes (11ms)
			AfterProcessingInitializeOnLoad (4ms)
			EditorAssembliesLoaded (0ms)
		ExecutionOrderSort2 (0ms)
		AwakeInstancesAfterBackupRestoration (5ms)
Refreshing native plugins compatible for Editor in 2.92 ms, found 3 plugins.
Preloading 0 native plugins for Editor in 0.00 ms.
Unloading 3606 Unused Serialized files (Serialized files now loaded: 0)
Unloading 14 unused Assets / (28.6 KB). Loaded Objects now: 4118.
Memory consumption went from 128.3 MB to 128.3 MB.
Total: 2.028700 ms (FindLiveObjects: 0.148100 ms CreateObjectMapping: 0.042800 ms MarkObjects: 1.811500 ms  DeleteObjects: 0.025200 ms)

Prepare: number of updated asset objects reloaded= 0
AssetImportParameters requested are different than current active one (requested -> active):
  custom:container-demuxer-ogg: 62fdf1f143b41e24485cea50d1cbac27 -> 
  custom:video-codec-MediaFoundation-h265: 746d11721c4dcdbdad8f713fa42b33f4 -> 
  custom:video-decoder-ogg-theora: a1e56fd34408186e4bbccfd4996cb3dc -> 
  custom:framework-win-MediaFoundation: 216162199b28c13a410421893ffa2e32 -> 
  custom:CustomObjectIndexerAttribute: 9a22284fe3817be447336de3de66b15e -> 
  custom:container-demuxer-webm: 4f35f7cbe854078d1ac9338744f61a02 -> 
  custom:container-muxer-webm: aa71ff27fc2769a1b78a27578f13a17b -> 
  custom:video-decoder-webm-vp8: 9c59270c3fd7afecdb556c50c9e8de78 -> 
  custom:SearchIndexIgnoredProperties: e643bd26f0fe6173181afceb89e7c659 -> 
  custom:AudioImporter_EditorPlatform: d09bf68614088b80899f8185d706f6e7 -> 
  custom:video-encoder-webm-vp8: eb34c28f22e8b96e1ab97ce403110664 -> 
  custom:audio-decoder-ogg-vorbis: bf7c407c2cedff20999df2af8eb42d56 -> 
  custom:audio-encoder-webm-vorbis: bf7c407c2cedff20999df2af8eb42d56 -> 
========================================================================
Received Prepare
Caller must complete domain reload
Begin MonoManager ReloadAssembly
- Loaded All Assemblies, in  0.280 seconds
Native extension for WindowsStandalone target not found
Native extension for iOS target not found
Native extension for WebGL target not found
Mono: successfully reloaded assembly
- Finished resetting the current domain, in  0.734 seconds
Domain Reload Profiling: 1012ms
	BeginReloadAssembly (100ms)
		ExecutionOrderSort (0ms)
		DisableScriptedObjects (3ms)
		BackupInstance (0ms)
		ReleaseScriptingObjects (0ms)
		CreateAndSetChildDomain (18ms)
	RebuildCommonClasses (20ms)
	RebuildNativeTypeToScriptingClass (5ms)
	initialDomainReloadingComplete (18ms)
	LoadAllAssembliesAndSetupDomain (135ms)
		LoadAssemblies (179ms)
		RebuildTransferFunctionScriptingTraits (0ms)
		AnalyzeDomain (11ms)
			TypeCache.Refresh (5ms)
				TypeCache.ScanAssembly (0ms)
			ScanForSourceGeneratedMonoScriptInfo (0ms)
			ResolveRequiredComponents (3ms)
	FinalizeReload (734ms)
		ReleaseScriptCaches (0ms)
		RebuildScriptCaches (0ms)
		SetupLoadedEditorAssemblies (306ms)
			LogAssemblyErrors (0ms)
			InitializePlatformSupportModulesInManaged (15ms)
			SetLoadedEditorAssemblies (3ms)
			RefreshPlugins (0ms)
			BeforeProcessingInitializeOnLoad (42ms)
			ProcessInitializeOnLoadAttributes (227ms)
			ProcessInitializeOnLoadMethodAttributes (14ms)
			AfterProcessingInitializeOnLoad (4ms)
			EditorAssembliesLoaded (0ms)
		ExecutionOrderSort2 (0ms)
		AwakeInstancesAfterBackupRestoration (6ms)
Refreshing native plugins compatible for Editor in 3.33 ms, found 3 plugins.
Preloading 0 native plugins for Editor in 0.00 ms.
Unloading 3606 Unused Serialized files (Serialized files now loaded: 0)
Unloading 14 unused Assets / (28.5 KB). Loaded Objects now: 4121.
Memory consumption went from 128.3 MB to 128.3 MB.
Total: 2.054200 ms (FindLiveObjects: 0.186600 ms CreateObjectMapping: 0.087900 ms MarkObjects: 1.750600 ms  DeleteObjects: 0.028500 ms)

Prepare: number of updated asset objects reloaded= 0
AssetImportParameters requested are different than current active one (requested -> active):
  custom:container-demuxer-ogg: 62fdf1f143b41e24485cea50d1cbac27 -> 
  custom:video-codec-MediaFoundation-h265: 746d11721c4dcdbdad8f713fa42b33f4 -> 
  custom:video-decoder-ogg-theora: a1e56fd34408186e4bbccfd4996cb3dc -> 
  custom:framework-win-MediaFoundation: 216162199b28c13a410421893ffa2e32 -> 
  custom:CustomObjectIndexerAttribute: 9a22284fe3817be447336de3de66b15e -> 
  custom:container-demuxer-webm: 4f35f7cbe854078d1ac9338744f61a02 -> 
  custom:container-muxer-webm: aa71ff27fc2769a1b78a27578f13a17b -> 
  custom:video-decoder-webm-vp8: 9c59270c3fd7afecdb556c50c9e8de78 -> 
  custom:SearchIndexIgnoredProperties: e643bd26f0fe6173181afceb89e7c659 -> 
  custom:AudioImporter_EditorPlatform: d09bf68614088b80899f8185d706f6e7 -> 
  custom:video-encoder-webm-vp8: eb34c28f22e8b96e1ab97ce403110664 -> 
  custom:audio-decoder-ogg-vorbis: bf7c407c2cedff20999df2af8eb42d56 -> 
  custom:audio-encoder-webm-vorbis: bf7c407c2cedff20999df2af8eb42d56 -> 
========================================================================
Received Import Request.
  Time since last request: 1067.563604 seconds.
  path: Assets/Scripts/OnDestroy.cs
  artifactKey: Guid(6b78434e6c878b54ab590bf969d1547c) Importer(815301076,1909f56bfc062723c751e8b465ee728b)
Start importing Assets/Scripts/OnDestroy.cs using Guid(6b78434e6c878b54ab590bf969d1547c) Importer(815301076,1909f56bfc062723c751e8b465ee728b) [PhysX] Initialized MultithreadedTaskDispatcher with 24 workers.
 -> (artifact id: 'd3fdfa83ee9ba5ddb2ed9a0e45e6317c') in 0.007907 seconds
Number of updated asset objects reloaded before import = 0
Number of asset objects unloaded after import = 0
========================================================================
Received Prepare
Caller must complete domain reload
Begin MonoManager ReloadAssembly
- Loaded All Assemblies, in  0.285 seconds
Native extension for WindowsStandalone target not found
Native extension for iOS target not found
Native extension for WebGL target not found
Mono: successfully reloaded assembly
- Finished resetting the current domain, in  0.653 seconds
Domain Reload Profiling: 936ms
	BeginReloadAssembly (97ms)
		ExecutionOrderSort (0ms)
		DisableScriptedObjects (3ms)
		BackupInstance (0ms)
		ReleaseScriptingObjects (0ms)
		CreateAndSetChildDomain (19ms)
	RebuildCommonClasses (18ms)
	RebuildNativeTypeToScriptingClass (6ms)
	initialDomainReloadingComplete (17ms)
	LoadAllAssembliesAndSetupDomain (144ms)
		LoadAssemblies (178ms)
		RebuildTransferFunctionScriptingTraits (0ms)
		AnalyzeDomain (19ms)
			TypeCache.Refresh (7ms)
				TypeCache.ScanAssembly (0ms)
			ScanForSourceGeneratedMonoScriptInfo (7ms)
			ResolveRequiredComponents (3ms)
	FinalizeReload (653ms)
		ReleaseScriptCaches (0ms)
		RebuildScriptCaches (0ms)
		SetupLoadedEditorAssemblies (266ms)
			LogAssemblyErrors (0ms)
			InitializePlatformSupportModulesInManaged (16ms)
			SetLoadedEditorAssemblies (3ms)
			RefreshPlugins (0ms)
			BeforeProcessingInitializeOnLoad (40ms)
			ProcessInitializeOnLoadAttributes (192ms)
			ProcessInitializeOnLoadMethodAttributes (11ms)
			AfterProcessingInitializeOnLoad (5ms)
			EditorAssembliesLoaded (0ms)
		ExecutionOrderSort2 (0ms)
		AwakeInstancesAfterBackupRestoration (5ms)
Refreshing native plugins compatible for Editor in 2.56 ms, found 3 plugins.
Preloading 0 native plugins for Editor in 0.00 ms.
Unloading 3606 Unused Serialized files (Serialized files now loaded: 0)
Unloading 14 unused Assets / (28.5 KB). Loaded Objects now: 4125.
Memory consumption went from 128.1 MB to 128.1 MB.
Total: 1.913400 ms (FindLiveObjects: 0.150200 ms CreateObjectMapping: 0.050400 ms MarkObjects: 1.683900 ms  DeleteObjects: 0.027700 ms)

Prepare: number of updated asset objects reloaded= 0
AssetImportParameters requested are different than current active one (requested -> active):
  custom:container-demuxer-ogg: 62fdf1f143b41e24485cea50d1cbac27 -> 
  custom:video-codec-MediaFoundation-h265: 746d11721c4dcdbdad8f713fa42b33f4 -> 
  custom:video-decoder-ogg-theora: a1e56fd34408186e4bbccfd4996cb3dc -> 
  custom:framework-win-MediaFoundation: 216162199b28c13a410421893ffa2e32 -> 
  custom:CustomObjectIndexerAttribute: 9a22284fe3817be447336de3de66b15e -> 
  custom:container-demuxer-webm: 4f35f7cbe854078d1ac9338744f61a02 -> 
  custom:container-muxer-webm: aa71ff27fc2769a1b78a27578f13a17b -> 
  custom:video-decoder-webm-vp8: 9c59270c3fd7afecdb556c50c9e8de78 -> 
  custom:scripting/monoscript/fileName/OnDestroy.cs: 21f0b2d0f547c62839066e1888ece602 -> 36ddb7b3cfb50d5b86b9f1ab4ab1c559
  custom:SearchIndexIgnoredProperties: e643bd26f0fe6173181afceb89e7c659 -> 
  custom:AudioImporter_EditorPlatform: d09bf68614088b80899f8185d706f6e7 -> 
  custom:video-encoder-webm-vp8: eb34c28f22e8b96e1ab97ce403110664 -> 
  custom:audio-decoder-ogg-vorbis: bf7c407c2cedff20999df2af8eb42d56 -> 
  custom:audio-encoder-webm-vorbis: bf7c407c2cedff20999df2af8eb42d56 -> 
  custom:scripting/precompiled-assembly-types:Assembly-CSharp: 52ef5e9b6e4fc742b871b3a870ced624 -> e5fe694ac5c4ce88cf55eec68674d031
========================================================================
Received Import Request.
  Time since last request: 4.125718 seconds.
  path: Assets/Scripts/OnDestroy.cs
  artifactKey: Guid(6b78434e6c878b54ab590bf969d1547c) Importer(815301076,1909f56bfc062723c751e8b465ee728b)
Start importing Assets/Scripts/OnDestroy.cs using Guid(6b78434e6c878b54ab590bf969d1547c) Importer(815301076,1909f56bfc062723c751e8b465ee728b) [PhysX] Initialized MultithreadedTaskDispatcher with 24 workers.
 -> (artifact id: '8c73cbad4c3e8a30d366ae45db228c3e') in 0.001620 seconds
Number of updated asset objects reloaded before import = 0
Number of asset objects unloaded after import = 0
========================================================================
Received Prepare
Caller must complete domain reload
Begin MonoManager ReloadAssembly
- Loaded All Assemblies, in  0.289 seconds
Native extension for WindowsStandalone target not found
Native extension for iOS target not found
Native extension for WebGL target not found
Mono: successfully reloaded assembly
- Finished resetting the current domain, in  0.597 seconds
Domain Reload Profiling: 885ms
	BeginReloadAssembly (97ms)
		ExecutionOrderSort (0ms)
		DisableScriptedObjects (3ms)
		BackupInstance (0ms)
		ReleaseScriptingObjects (0ms)
		CreateAndSetChildDomain (18ms)
	RebuildCommonClasses (20ms)
	RebuildNativeTypeToScriptingClass (6ms)
	initialDomainReloadingComplete (17ms)
	LoadAllAssembliesAndSetupDomain (148ms)
		LoadAssemblies (183ms)
		RebuildTransferFunctionScriptingTraits (0ms)
		AnalyzeDomain (17ms)
			TypeCache.Refresh (6ms)
				TypeCache.ScanAssembly (0ms)
			ScanForSourceGeneratedMonoScriptInfo (6ms)
			ResolveRequiredComponents (3ms)
	FinalizeReload (597ms)
		ReleaseScriptCaches (0ms)
		RebuildScriptCaches (0ms)
		SetupLoadedEditorAssemblies (256ms)
			LogAssemblyErrors (0ms)
			InitializePlatformSupportModulesInManaged (13ms)
			SetLoadedEditorAssemblies (3ms)
			RefreshPlugins (0ms)
			BeforeProcessingInitializeOnLoad (35ms)
			ProcessInitializeOnLoadAttributes (189ms)
			ProcessInitializeOnLoadMethodAttributes (10ms)
			AfterProcessingInitializeOnLoad (5ms)
			EditorAssembliesLoaded (0ms)
		ExecutionOrderSort2 (0ms)
		AwakeInstancesAfterBackupRestoration (5ms)
Refreshing native plugins compatible for Editor in 2.41 ms, found 3 plugins.
Preloading 0 native plugins for Editor in 0.00 ms.
Unloading 3605 Unused Serialized files (Serialized files now loaded: 0)
Unloading 15 unused Assets / (29.0 KB). Loaded Objects now: 4127.
Memory consumption went from 128.1 MB to 128.0 MB.
Total: 1.953100 ms (FindLiveObjects: 0.145300 ms CreateObjectMapping: 0.072400 ms MarkObjects: 1.709400 ms  DeleteObjects: 0.024700 ms)

Prepare: number of updated asset objects reloaded= 0
AssetImportParameters requested are different than current active one (requested -> active):
  custom:container-demuxer-ogg: 62fdf1f143b41e24485cea50d1cbac27 -> 
  custom:video-codec-MediaFoundation-h265: 746d11721c4dcdbdad8f713fa42b33f4 -> 
  custom:video-decoder-ogg-theora: a1e56fd34408186e4bbccfd4996cb3dc -> 
  custom:framework-win-MediaFoundation: 216162199b28c13a410421893ffa2e32 -> 
  custom:CustomObjectIndexerAttribute: 9a22284fe3817be447336de3de66b15e -> 
  custom:container-demuxer-webm: 4f35f7cbe854078d1ac9338744f61a02 -> 
  custom:container-muxer-webm: aa71ff27fc2769a1b78a27578f13a17b -> 
  custom:video-decoder-webm-vp8: 9c59270c3fd7afecdb556c50c9e8de78 -> 
  custom:scripting/monoscript/fileName/OnDestroy.cs: 21f0b2d0f547c62839066e1888ece602 -> 36ddb7b3cfb50d5b86b9f1ab4ab1c559
  custom:SearchIndexIgnoredProperties: e643bd26f0fe6173181afceb89e7c659 -> 
  custom:AudioImporter_EditorPlatform: d09bf68614088b80899f8185d706f6e7 -> 
  custom:video-encoder-webm-vp8: eb34c28f22e8b96e1ab97ce403110664 -> 
  custom:audio-decoder-ogg-vorbis: bf7c407c2cedff20999df2af8eb42d56 -> 
  custom:audio-encoder-webm-vorbis: bf7c407c2cedff20999df2af8eb42d56 -> 
========================================================================
Received Import Request.
  Time since last request: 56.716568 seconds.
  path: Assets/Scripts/Collec.cs
  artifactKey: Guid(315b244348672d145bc4f07ac42b0417) Importer(815301076,1909f56bfc062723c751e8b465ee728b)
Start importing Assets/Scripts/Collec.cs using Guid(315b244348672d145bc4f07ac42b0417) Importer(815301076,1909f56bfc062723c751e8b465ee728b) [PhysX] Initialized MultithreadedTaskDispatcher with 24 workers.
 -> (artifact id: '6fc7cf9f809d4263c7c26099d41f3114') in 0.002098 seconds
Number of updated asset objects reloaded before import = 0
Number of asset objects unloaded after import = 0
========================================================================
Received Prepare
Caller must complete domain reload
Begin MonoManager ReloadAssembly
- Loaded All Assemblies, in  0.282 seconds
Native extension for WindowsStandalone target not found
Native extension for iOS target not found
Native extension for WebGL target not found
Mono: successfully reloaded assembly
- Finished resetting the current domain, in  0.654 seconds
Domain Reload Profiling: 935ms
	BeginReloadAssembly (96ms)
		ExecutionOrderSort (0ms)
		DisableScriptedObjects (3ms)
		BackupInstance (0ms)
		ReleaseScriptingObjects (0ms)
		CreateAndSetChildDomain (18ms)
	RebuildCommonClasses (18ms)
	RebuildNativeTypeToScriptingClass (6ms)
	initialDomainReloadingComplete (18ms)
	LoadAllAssembliesAndSetupDomain (143ms)
		LoadAssemblies (176ms)
		RebuildTransferFunctionScriptingTraits (0ms)
		AnalyzeDomain (17ms)
			TypeCache.Refresh (6ms)
				TypeCache.ScanAssembly (0ms)
			ScanForSourceGeneratedMonoScriptInfo (7ms)
			ResolveRequiredComponents (3ms)
	FinalizeReload (655ms)
		ReleaseScriptCaches (0ms)
		RebuildScriptCaches (0ms)
		SetupLoadedEditorAssemblies (259ms)
			LogAssemblyErrors (0ms)
			InitializePlatformSupportModulesInManaged (16ms)
			SetLoadedEditorAssemblies (3ms)
			RefreshPlugins (0ms)
			BeforeProcessingInitializeOnLoad (40ms)
			ProcessInitializeOnLoadAttributes (186ms)
			ProcessInitializeOnLoadMethodAttributes (10ms)
			AfterProcessingInitializeOnLoad (4ms)
			EditorAssembliesLoaded (0ms)
		ExecutionOrderSort2 (0ms)
		AwakeInstancesAfterBackupRestoration (5ms)
Refreshing native plugins compatible for Editor in 2.56 ms, found 3 plugins.
Preloading 0 native plugins for Editor in 0.00 ms.
Unloading 3606 Unused Serialized files (Serialized files now loaded: 0)
Unloading 14 unused Assets / (28.5 KB). Loaded Objects now: 4131.
Memory consumption went from 128.1 MB to 128.1 MB.
Total: 1.862100 ms (FindLiveObjects: 0.149100 ms CreateObjectMapping: 0.051600 ms MarkObjects: 1.634800 ms  DeleteObjects: 0.025700 ms)

Prepare: number of updated asset objects reloaded= 0
AssetImportParameters requested are different than current active one (requested -> active):
  custom:container-demuxer-ogg: 62fdf1f143b41e24485cea50d1cbac27 -> 
  custom:scripting/monoscript/fileName/Collec.cs: 8c580595a4e98a35505026374c7da35b -> 
  custom:video-codec-MediaFoundation-h265: 746d11721c4dcdbdad8f713fa42b33f4 -> 
  custom:video-decoder-ogg-theora: a1e56fd34408186e4bbccfd4996cb3dc -> 
  custom:framework-win-MediaFoundation: 216162199b28c13a410421893ffa2e32 -> 
  custom:CustomObjectIndexerAttribute: 9a22284fe3817be447336de3de66b15e -> 
  custom:container-demuxer-webm: 4f35f7cbe854078d1ac9338744f61a02 -> 
  custom:container-muxer-webm: aa71ff27fc2769a1b78a27578f13a17b -> 
  custom:video-decoder-webm-vp8: 9c59270c3fd7afecdb556c50c9e8de78 -> 
  custom:scripting/monoscript/fileName/OnDestroy.cs: 21f0b2d0f547c62839066e1888ece602 -> 36ddb7b3cfb50d5b86b9f1ab4ab1c559
  custom:SearchIndexIgnoredProperties: e643bd26f0fe6173181afceb89e7c659 -> 
  custom:AudioImporter_EditorPlatform: d09bf68614088b80899f8185d706f6e7 -> 
  custom:video-encoder-webm-vp8: eb34c28f22e8b96e1ab97ce403110664 -> 
  custom:audio-decoder-ogg-vorbis: bf7c407c2cedff20999df2af8eb42d56 -> 
  custom:audio-encoder-webm-vorbis: bf7c407c2cedff20999df2af8eb42d56 -> 
  custom:scripting/precompiled-assembly-types:Assembly-CSharp: d6572667640a763bf87c0ca7998d0abf -> e5fe694ac5c4ce88cf55eec68674d031
========================================================================
Received Import Request.
  Time since last request: 3.150655 seconds.
  path: Assets/Scripts/Collec.cs
  artifactKey: Guid(315b244348672d145bc4f07ac42b0417) Importer(815301076,1909f56bfc062723c751e8b465ee728b)
Start importing Assets/Scripts/Collec.cs using Guid(315b244348672d145bc4f07ac42b0417) Importer(815301076,1909f56bfc062723c751e8b465ee728b) [PhysX] Initialized MultithreadedTaskDispatcher with 24 workers.
 -> (artifact id: 'a7f7c8e2ecaefa41b53e83a4f5c84292') in 0.001559 seconds
Number of updated asset objects reloaded before import = 0
Number of asset objects unloaded after import = 0
========================================================================
Received Prepare
Caller must complete domain reload
Begin MonoManager ReloadAssembly
- Loaded All Assemblies, in  0.284 seconds
Native extension for WindowsStandalone target not found
Native extension for iOS target not found
Native extension for WebGL target not found
Mono: successfully reloaded assembly
- Finished resetting the current domain, in  0.627 seconds
Domain Reload Profiling: 909ms
	BeginReloadAssembly (98ms)
		ExecutionOrderSort (0ms)
		DisableScriptedObjects (3ms)
		BackupInstance (0ms)
		ReleaseScriptingObjects (0ms)
		CreateAndSetChildDomain (18ms)
	RebuildCommonClasses (19ms)
	RebuildNativeTypeToScriptingClass (5ms)
	initialDomainReloadingComplete (17ms)
	LoadAllAssembliesAndSetupDomain (142ms)
		LoadAssemblies (177ms)
		RebuildTransferFunctionScriptingTraits (0ms)
		AnalyzeDomain (18ms)
			TypeCache.Refresh (7ms)
				TypeCache.ScanAssembly (0ms)
			ScanForSourceGeneratedMonoScriptInfo (7ms)
			ResolveRequiredComponents (3ms)
	FinalizeReload (627ms)
		ReleaseScriptCaches (0ms)
		RebuildScriptCaches (0ms)
		SetupLoadedEditorAssemblies (258ms)
			LogAssemblyErrors (0ms)
			InitializePlatformSupportModulesInManaged (15ms)
			SetLoadedEditorAssemblies (3ms)
			RefreshPlugins (0ms)
			BeforeProcessingInitializeOnLoad (37ms)
			ProcessInitializeOnLoadAttributes (189ms)
			ProcessInitializeOnLoadMethodAttributes (11ms)
			AfterProcessingInitializeOnLoad (4ms)
			EditorAssembliesLoaded (0ms)
		ExecutionOrderSort2 (0ms)
		AwakeInstancesAfterBackupRestoration (5ms)
Refreshing native plugins compatible for Editor in 2.77 ms, found 3 plugins.
Preloading 0 native plugins for Editor in 0.00 ms.
Unloading 3605 Unused Serialized files (Serialized files now loaded: 0)
Unloading 15 unused Assets / (29.0 KB). Loaded Objects now: 4133.
Memory consumption went from 128.1 MB to 128.1 MB.
Total: 1.847000 ms (FindLiveObjects: 0.158600 ms CreateObjectMapping: 0.053900 ms MarkObjects: 1.606500 ms  DeleteObjects: 0.027300 ms)

Prepare: number of updated asset objects reloaded= 0
AssetImportParameters requested are different than current active one (requested -> active):
  custom:container-demuxer-ogg: 62fdf1f143b41e24485cea50d1cbac27 -> 
  custom:scripting/monoscript/fileName/Collec.cs: 8c580595a4e98a35505026374c7da35b -> 
  custom:video-codec-MediaFoundation-h265: 746d11721c4dcdbdad8f713fa42b33f4 -> 
  custom:video-decoder-ogg-theora: a1e56fd34408186e4bbccfd4996cb3dc -> 
  custom:framework-win-MediaFoundation: 216162199b28c13a410421893ffa2e32 -> 
  custom:CustomObjectIndexerAttribute: 9a22284fe3817be447336de3de66b15e -> 
  custom:container-demuxer-webm: 4f35f7cbe854078d1ac9338744f61a02 -> 
  custom:container-muxer-webm: aa71ff27fc2769a1b78a27578f13a17b -> 
  custom:video-decoder-webm-vp8: 9c59270c3fd7afecdb556c50c9e8de78 -> 
  custom:scripting/monoscript/fileName/OnDestroy.cs: 21f0b2d0f547c62839066e1888ece602 -> 36ddb7b3cfb50d5b86b9f1ab4ab1c559
  custom:SearchIndexIgnoredProperties: e643bd26f0fe6173181afceb89e7c659 -> 
  custom:AudioImporter_EditorPlatform: d09bf68614088b80899f8185d706f6e7 -> 
  custom:video-encoder-webm-vp8: eb34c28f22e8b96e1ab97ce403110664 -> 
  custom:audio-decoder-ogg-vorbis: bf7c407c2cedff20999df2af8eb42d56 -> 
  custom:audio-encoder-webm-vorbis: bf7c407c2cedff20999df2af8eb42d56 -> 
========================================================================
Received Import Request.
  Time since last request: 12.879785 seconds.
  path: Assets/Scripts/Collect.cs
  artifactKey: Guid(a0526b42572997d449c366251f8ed650) Importer(815301076,1909f56bfc062723c751e8b465ee728b)
Start importing Assets/Scripts/Collect.cs using Guid(a0526b42572997d449c366251f8ed650) Importer(815301076,1909f56bfc062723c751e8b465ee728b) [PhysX] Initialized MultithreadedTaskDispatcher with 24 workers.
 -> (artifact id: '7843fc2b81c57d995b84d3f143235da9') in 0.001883 seconds
Number of updated asset objects reloaded before import = 0
Number of asset objects unloaded after import = 0
========================================================================
Received Prepare
Caller must complete domain reload
Begin MonoManager ReloadAssembly
- Loaded All Assemblies, in  0.284 seconds
Native extension for WindowsStandalone target not found
Native extension for iOS target not found
Native extension for WebGL target not found
Mono: successfully reloaded assembly
- Finished resetting the current domain, in  0.639 seconds
Domain Reload Profiling: 922ms
	BeginReloadAssembly (97ms)
		ExecutionOrderSort (0ms)
		DisableScriptedObjects (3ms)
		BackupInstance (0ms)
		ReleaseScriptingObjects (0ms)
		CreateAndSetChildDomain (20ms)
	RebuildCommonClasses (19ms)
	RebuildNativeTypeToScriptingClass (5ms)
	initialDomainReloadingComplete (18ms)
	LoadAllAssembliesAndSetupDomain (143ms)
		LoadAssemblies (176ms)
		RebuildTransferFunctionScriptingTraits (0ms)
		AnalyzeDomain (18ms)
			TypeCache.Refresh (6ms)
				TypeCache.ScanAssembly (0ms)
			ScanForSourceGeneratedMonoScriptInfo (7ms)
			ResolveRequiredComponents (3ms)
	FinalizeReload (639ms)
		ReleaseScriptCaches (0ms)
		RebuildScriptCaches (0ms)
		SetupLoadedEditorAssemblies (267ms)
			LogAssemblyErrors (0ms)
			InitializePlatformSupportModulesInManaged (15ms)
			SetLoadedEditorAssemblies (3ms)
			RefreshPlugins (0ms)
			BeforeProcessingInitializeOnLoad (39ms)
			ProcessInitializeOnLoadAttributes (196ms)
			ProcessInitializeOnLoadMethodAttributes (10ms)
			AfterProcessingInitializeOnLoad (4ms)
			EditorAssembliesLoaded (0ms)
		ExecutionOrderSort2 (0ms)
		AwakeInstancesAfterBackupRestoration (5ms)
Refreshing native plugins compatible for Editor in 2.65 ms, found 3 plugins.
Preloading 0 native plugins for Editor in 0.00 ms.
Unloading 3606 Unused Serialized files (Serialized files now loaded: 0)
Unloading 14 unused Assets / (28.5 KB). Loaded Objects now: 4137.
Memory consumption went from 128.1 MB to 128.1 MB.
Total: 1.893700 ms (FindLiveObjects: 0.210900 ms CreateObjectMapping: 0.050800 ms MarkObjects: 1.604000 ms  DeleteObjects: 0.026900 ms)

Prepare: number of updated asset objects reloaded= 0
AssetImportParameters requested are different than current active one (requested -> active):
  custom:container-demuxer-ogg: 62fdf1f143b41e24485cea50d1cbac27 -> 
  custom:scripting/monoscript/fileName/Collec.cs: 8c580595a4e98a35505026374c7da35b -> 
  custom:video-codec-MediaFoundation-h265: 746d11721c4dcdbdad8f713fa42b33f4 -> 
  custom:video-decoder-ogg-theora: a1e56fd34408186e4bbccfd4996cb3dc -> 
  custom:framework-win-MediaFoundation: 216162199b28c13a410421893ffa2e32 -> 
  custom:CustomObjectIndexerAttribute: 9a22284fe3817be447336de3de66b15e -> 
  custom:container-demuxer-webm: 4f35f7cbe854078d1ac9338744f61a02 -> 
  custom:container-muxer-webm: aa71ff27fc2769a1b78a27578f13a17b -> 
  custom:video-decoder-webm-vp8: 9c59270c3fd7afecdb556c50c9e8de78 -> 
  custom:scripting/monoscript/fileName/OnDestroy.cs: 21f0b2d0f547c62839066e1888ece602 -> 36ddb7b3cfb50d5b86b9f1ab4ab1c559
  custom:SearchIndexIgnoredProperties: e643bd26f0fe6173181afceb89e7c659 -> 
  custom:AudioImporter_EditorPlatform: d09bf68614088b80899f8185d706f6e7 -> 
  custom:scripting/monoscript/fileName/Collect.cs: eb27e5b49e23847ecf656af3aa35f614 -> 
  custom:video-encoder-webm-vp8: eb34c28f22e8b96e1ab97ce403110664 -> 
  custom:audio-decoder-ogg-vorbis: bf7c407c2cedff20999df2af8eb42d56 -> 
  custom:audio-encoder-webm-vorbis: bf7c407c2cedff20999df2af8eb42d56 -> 
  custom:scripting/precompiled-assembly-types:Assembly-CSharp: 21462a6e076f1728469311d19617297c -> e5fe694ac5c4ce88cf55eec68674d031
========================================================================
Received Import Request.
  Time since last request: 98.253895 seconds.
  path: Assets/Scripts/Collect.cs
  artifactKey: Guid(a0526b42572997d449c366251f8ed650) Importer(815301076,1909f56bfc062723c751e8b465ee728b)
Start importing Assets/Scripts/Collect.cs using Guid(a0526b42572997d449c366251f8ed650) Importer(815301076,1909f56bfc062723c751e8b465ee728b) [PhysX] Initialized MultithreadedTaskDispatcher with 24 workers.
 -> (artifact id: '33e3bc7a641cd521e846f3df6c20e1f9') in 0.002099 seconds
Number of updated asset objects reloaded before import = 0
Number of asset objects unloaded after import = 0
========================================================================
Received Prepare
Caller must complete domain reload
Begin MonoManager ReloadAssembly
- Loaded All Assemblies, in  0.292 seconds
Native extension for WindowsStandalone target not found
Native extension for iOS target not found
Native extension for WebGL target not found
Mono: successfully reloaded assembly
- Finished resetting the current domain, in  0.706 seconds
Domain Reload Profiling: 996ms
	BeginReloadAssembly (99ms)
		ExecutionOrderSort (0ms)
		DisableScriptedObjects (3ms)
		BackupInstance (0ms)
		ReleaseScriptingObjects (0ms)
		CreateAndSetChildDomain (19ms)
	RebuildCommonClasses (19ms)
	RebuildNativeTypeToScriptingClass (6ms)
	initialDomainReloadingComplete (18ms)
	LoadAllAssembliesAndSetupDomain (148ms)
		LoadAssemblies (183ms)
		RebuildTransferFunctionScriptingTraits (0ms)
		AnalyzeDomain (18ms)
			TypeCache.Refresh (5ms)
				TypeCache.ScanAssembly (0ms)
			ScanForSourceGeneratedMonoScriptInfo (8ms)
			ResolveRequiredComponents (3ms)
	FinalizeReload (706ms)
		ReleaseScriptCaches (0ms)
		RebuildScriptCaches (0ms)
		SetupLoadedEditorAssemblies (275ms)
			LogAssemblyErrors (0ms)
			InitializePlatformSupportModulesInManaged (15ms)
			SetLoadedEditorAssemblies (3ms)
			RefreshPlugins (0ms)
			BeforeProcessingInitializeOnLoad (42ms)
			ProcessInitializeOnLoadAttributes (199ms)
			ProcessInitializeOnLoadMethodAttributes (12ms)
			AfterProcessingInitializeOnLoad (4ms)
			EditorAssembliesLoaded (0ms)
		ExecutionOrderSort2 (0ms)
		AwakeInstancesAfterBackupRestoration (6ms)
Refreshing native plugins compatible for Editor in 2.89 ms, found 3 plugins.
Preloading 0 native plugins for Editor in 0.00 ms.
Unloading 3606 Unused Serialized files (Serialized files now loaded: 0)
Unloading 14 unused Assets / (28.5 KB). Loaded Objects now: 4140.
Memory consumption went from 128.1 MB to 128.1 MB.
Total: 1.958000 ms (FindLiveObjects: 0.165600 ms CreateObjectMapping: 0.057100 ms MarkObjects: 1.706200 ms  DeleteObjects: 0.028300 ms)

Prepare: number of updated asset objects reloaded= 0
AssetImportParameters requested are different than current active one (requested -> active):
  custom:container-demuxer-ogg: 62fdf1f143b41e24485cea50d1cbac27 -> 
  custom:scripting/monoscript/fileName/Collec.cs: 8c580595a4e98a35505026374c7da35b -> 
  custom:video-codec-MediaFoundation-h265: 746d11721c4dcdbdad8f713fa42b33f4 -> 
  custom:video-decoder-ogg-theora: a1e56fd34408186e4bbccfd4996cb3dc -> 
  custom:framework-win-MediaFoundation: 216162199b28c13a410421893ffa2e32 -> 
  custom:CustomObjectIndexerAttribute: 9a22284fe3817be447336de3de66b15e -> 
  custom:container-demuxer-webm: 4f35f7cbe854078d1ac9338744f61a02 -> 
  custom:container-muxer-webm: aa71ff27fc2769a1b78a27578f13a17b -> 
  custom:video-decoder-webm-vp8: 9c59270c3fd7afecdb556c50c9e8de78 -> 
  custom:scripting/monoscript/fileName/OnDestroy.cs: 21f0b2d0f547c62839066e1888ece602 -> 36ddb7b3cfb50d5b86b9f1ab4ab1c559
  custom:SearchIndexIgnoredProperties: e643bd26f0fe6173181afceb89e7c659 -> 
  custom:AudioImporter_EditorPlatform: d09bf68614088b80899f8185d706f6e7 -> 
  custom:scripting/monoscript/fileName/Collect.cs: eb27e5b49e23847ecf656af3aa35f614 -> 
  custom:video-encoder-webm-vp8: eb34c28f22e8b96e1ab97ce403110664 -> 
  custom:audio-decoder-ogg-vorbis: bf7c407c2cedff20999df2af8eb42d56 -> 
  custom:audio-encoder-webm-vorbis: bf7c407c2cedff20999df2af8eb42d56 -> 
  custom:scripting/precompiled-assembly-types:Assembly-CSharp: 21462a6e076f1728469311d19617297c -> e5fe694ac5c4ce88cf55eec68674d031
========================================================================
Received Prepare
Caller must complete domain reload
Begin MonoManager ReloadAssembly
- Loaded All Assemblies, in  0.277 seconds
Native extension for WindowsStandalone target not found
Native extension for iOS target not found
Native extension for WebGL target not found
Mono: successfully reloaded assembly
- Finished resetting the current domain, in  0.756 seconds
Domain Reload Profiling: 1031ms
	BeginReloadAssembly (97ms)
		ExecutionOrderSort (0ms)
		DisableScriptedObjects (3ms)
		BackupInstance (0ms)
		ReleaseScriptingObjects (0ms)
		CreateAndSetChildDomain (19ms)
	RebuildCommonClasses (18ms)
	RebuildNativeTypeToScriptingClass (6ms)
	initialDomainReloadingComplete (18ms)
	LoadAllAssembliesAndSetupDomain (137ms)
		LoadAssemblies (178ms)
		RebuildTransferFunctionScriptingTraits (0ms)
		AnalyzeDomain (9ms)
			TypeCache.Refresh (4ms)
				TypeCache.ScanAssembly (0ms)
			ScanForSourceGeneratedMonoScriptInfo (0ms)
			ResolveRequiredComponents (3ms)
	FinalizeReload (756ms)
		ReleaseScriptCaches (0ms)
		RebuildScriptCaches (0ms)
		SetupLoadedEditorAssemblies (311ms)
			LogAssemblyErrors (0ms)
			InitializePlatformSupportModulesInManaged (17ms)
			SetLoadedEditorAssemblies (3ms)
			RefreshPlugins (0ms)
			BeforeProcessingInitializeOnLoad (42ms)
			ProcessInitializeOnLoadAttributes (231ms)
			ProcessInitializeOnLoadMethodAttributes (13ms)
			AfterProcessingInitializeOnLoad (5ms)
			EditorAssembliesLoaded (0ms)
		ExecutionOrderSort2 (0ms)
		AwakeInstancesAfterBackupRestoration (6ms)
Refreshing native plugins compatible for Editor in 3.24 ms, found 3 plugins.
Preloading 0 native plugins for Editor in 0.00 ms.
Unloading 3607 Unused Serialized files (Serialized files now loaded: 0)
Unloading 14 unused Assets / (28.5 KB). Loaded Objects now: 4143.
Memory consumption went from 128.4 MB to 128.3 MB.
Total: 1.883900 ms (FindLiveObjects: 0.146300 ms CreateObjectMapping: 0.046000 ms MarkObjects: 1.662700 ms  DeleteObjects: 0.028200 ms)

Prepare: number of updated asset objects reloaded= 0
AssetImportParameters requested are different than current active one (requested -> active):
  custom:container-demuxer-ogg: 62fdf1f143b41e24485cea50d1cbac27 -> 
  custom:scripting/monoscript/fileName/Collec.cs: 8c580595a4e98a35505026374c7da35b -> 
  custom:video-codec-MediaFoundation-h265: 746d11721c4dcdbdad8f713fa42b33f4 -> 
  custom:video-decoder-ogg-theora: a1e56fd34408186e4bbccfd4996cb3dc -> 
  custom:framework-win-MediaFoundation: 216162199b28c13a410421893ffa2e32 -> 
  custom:CustomObjectIndexerAttribute: 9a22284fe3817be447336de3de66b15e -> 
  custom:container-demuxer-webm: 4f35f7cbe854078d1ac9338744f61a02 -> 
  custom:container-muxer-webm: aa71ff27fc2769a1b78a27578f13a17b -> 
  custom:video-decoder-webm-vp8: 9c59270c3fd7afecdb556c50c9e8de78 -> 
  custom:scripting/monoscript/fileName/OnDestroy.cs: 21f0b2d0f547c62839066e1888ece602 -> 36ddb7b3cfb50d5b86b9f1ab4ab1c559
  custom:SearchIndexIgnoredProperties: e643bd26f0fe6173181afceb89e7c659 -> 
  custom:AudioImporter_EditorPlatform: d09bf68614088b80899f8185d706f6e7 -> 
  custom:scripting/monoscript/fileName/Collect.cs: eb27e5b49e23847ecf656af3aa35f614 -> 
  custom:video-encoder-webm-vp8: eb34c28f22e8b96e1ab97ce403110664 -> 
  custom:audio-decoder-ogg-vorbis: bf7c407c2cedff20999df2af8eb42d56 -> 
  custom:audio-encoder-webm-vorbis: bf7c407c2cedff20999df2af8eb42d56 -> 
  custom:scripting/precompiled-assembly-types:Assembly-CSharp: 21462a6e076f1728469311d19617297c -> e5fe694ac5c4ce88cf55eec68674d031
========================================================================
Received Prepare
Caller must complete domain reload
Begin MonoManager ReloadAssembly
- Loaded All Assemblies, in  0.278 seconds
Native extension for WindowsStandalone target not found
Native extension for iOS target not found
Native extension for WebGL target not found
Mono: successfully reloaded assembly
- Finished resetting the current domain, in  0.642 seconds
Domain Reload Profiling: 919ms
	BeginReloadAssembly (98ms)
		ExecutionOrderSort (0ms)
		DisableScriptedObjects (3ms)
		BackupInstance (0ms)
		ReleaseScriptingObjects (0ms)
		CreateAndSetChildDomain (20ms)
	RebuildCommonClasses (20ms)
	RebuildNativeTypeToScriptingClass (6ms)
	initialDomainReloadingComplete (17ms)
	LoadAllAssembliesAndSetupDomain (137ms)
		LoadAssemblies (171ms)
		RebuildTransferFunctionScriptingTraits (0ms)
		AnalyzeDomain (17ms)
			TypeCache.Refresh (6ms)
				TypeCache.ScanAssembly (0ms)
			ScanForSourceGeneratedMonoScriptInfo (7ms)
			ResolveRequiredComponents (3ms)
	FinalizeReload (643ms)
		ReleaseScriptCaches (0ms)
		RebuildScriptCaches (0ms)
		SetupLoadedEditorAssemblies (271ms)
			LogAssemblyErrors (0ms)
			InitializePlatformSupportModulesInManaged (14ms)
			SetLoadedEditorAssemblies (3ms)
			RefreshPlugins (0ms)
			BeforeProcessingInitializeOnLoad (37ms)
			ProcessInitializeOnLoadAttributes (201ms)
			ProcessInitializeOnLoadMethodAttributes (13ms)
			AfterProcessingInitializeOnLoad (4ms)
			EditorAssembliesLoaded (0ms)
		ExecutionOrderSort2 (0ms)
		AwakeInstancesAfterBackupRestoration (5ms)
Refreshing native plugins compatible for Editor in 3.13 ms, found 3 plugins.
Preloading 0 native plugins for Editor in 0.00 ms.
Unloading 3607 Unused Serialized files (Serialized files now loaded: 0)
Unloading 14 unused Assets / (28.5 KB). Loaded Objects now: 4146.
Memory consumption went from 128.4 MB to 128.3 MB.
Total: 2.002400 ms (FindLiveObjects: 0.155300 ms CreateObjectMapping: 0.045000 ms MarkObjects: 1.771300 ms  DeleteObjects: 0.030100 ms)

Prepare: number of updated asset objects reloaded= 0
AssetImportParameters requested are different than current active one (requested -> active):
  custom:container-demuxer-ogg: 62fdf1f143b41e24485cea50d1cbac27 -> 
  custom:scripting/monoscript/fileName/Collec.cs: 8c580595a4e98a35505026374c7da35b -> 
  custom:video-codec-MediaFoundation-h265: 746d11721c4dcdbdad8f713fa42b33f4 -> 
  custom:video-decoder-ogg-theora: a1e56fd34408186e4bbccfd4996cb3dc -> 
  custom:framework-win-MediaFoundation: 216162199b28c13a410421893ffa2e32 -> 
  custom:CustomObjectIndexerAttribute: 9a22284fe3817be447336de3de66b15e -> 
  custom:container-demuxer-webm: 4f35f7cbe854078d1ac9338744f61a02 -> 
  custom:container-muxer-webm: aa71ff27fc2769a1b78a27578f13a17b -> 
  custom:video-decoder-webm-vp8: 9c59270c3fd7afecdb556c50c9e8de78 -> 
  custom:scripting/monoscript/fileName/OnDestroy.cs: 21f0b2d0f547c62839066e1888ece602 -> 36ddb7b3cfb50d5b86b9f1ab4ab1c559
  custom:SearchIndexIgnoredProperties: e643bd26f0fe6173181afceb89e7c659 -> 
  custom:AudioImporter_EditorPlatform: d09bf68614088b80899f8185d706f6e7 -> 
  custom:scripting/monoscript/fileName/Collect.cs: eb27e5b49e23847ecf656af3aa35f614 -> 
  custom:video-encoder-webm-vp8: eb34c28f22e8b96e1ab97ce403110664 -> 
  custom:audio-decoder-ogg-vorbis: bf7c407c2cedff20999df2af8eb42d56 -> 
  custom:audio-encoder-webm-vorbis: bf7c407c2cedff20999df2af8eb42d56 -> 
  custom:scripting/precompiled-assembly-types:Assembly-CSharp: 21462a6e076f1728469311d19617297c -> e5fe694ac5c4ce88cf55eec68674d031
========================================================================
Received Prepare
Caller must complete domain reload
Begin MonoManager ReloadAssembly
- Loaded All Assemblies, in  0.280 seconds
Native extension for WindowsStandalone target not found
Native extension for iOS target not found
Native extension for WebGL target not found
Mono: successfully reloaded assembly
- Finished resetting the current domain, in  0.739 seconds
Domain Reload Profiling: 1018ms
	BeginReloadAssembly (96ms)
		ExecutionOrderSort (0ms)
		DisableScriptedObjects (3ms)
		BackupInstance (0ms)
		ReleaseScriptingObjects (0ms)
		CreateAndSetChildDomain (18ms)
	RebuildCommonClasses (19ms)
	RebuildNativeTypeToScriptingClass (6ms)
	initialDomainReloadingComplete (19ms)
	LoadAllAssembliesAndSetupDomain (139ms)
		LoadAssemblies (181ms)
		RebuildTransferFunctionScriptingTraits (0ms)
		AnalyzeDomain (9ms)
			TypeCache.Refresh (4ms)
				TypeCache.ScanAssembly (0ms)
			ScanForSourceGeneratedMonoScriptInfo (0ms)
			ResolveRequiredComponents (3ms)
	FinalizeReload (739ms)
		ReleaseScriptCaches (0ms)
		RebuildScriptCaches (0ms)
		SetupLoadedEditorAssemblies (298ms)
			LogAssemblyErrors (0ms)
			InitializePlatformSupportModulesInManaged (17ms)
			SetLoadedEditorAssemblies (3ms)
			RefreshPlugins (0ms)
			BeforeProcessingInitializeOnLoad (50ms)
			ProcessInitializeOnLoadAttributes (210ms)
			ProcessInitializeOnLoadMethodAttributes (14ms)
			AfterProcessingInitializeOnLoad (4ms)
			EditorAssembliesLoaded (0ms)
		ExecutionOrderSort2 (0ms)
		AwakeInstancesAfterBackupRestoration (6ms)
Refreshing native plugins compatible for Editor in 3.77 ms, found 3 plugins.
Preloading 0 native plugins for Editor in 0.00 ms.
Unloading 3607 Unused Serialized files (Serialized files now loaded: 0)
Unloading 14 unused Assets / (28.5 KB). Loaded Objects now: 4149.
Memory consumption went from 128.4 MB to 128.3 MB.
Total: 1.927800 ms (FindLiveObjects: 0.153200 ms CreateObjectMapping: 0.046400 ms MarkObjects: 1.698900 ms  DeleteObjects: 0.028900 ms)

Prepare: number of updated asset objects reloaded= 0
AssetImportParameters requested are different than current active one (requested -> active):
  custom:container-demuxer-ogg: 62fdf1f143b41e24485cea50d1cbac27 -> 
  custom:scripting/monoscript/fileName/Collec.cs: 8c580595a4e98a35505026374c7da35b -> 
  custom:video-codec-MediaFoundation-h265: 746d11721c4dcdbdad8f713fa42b33f4 -> 
  custom:video-decoder-ogg-theora: a1e56fd34408186e4bbccfd4996cb3dc -> 
  custom:framework-win-MediaFoundation: 216162199b28c13a410421893ffa2e32 -> 
  custom:CustomObjectIndexerAttribute: 9a22284fe3817be447336de3de66b15e -> 
  custom:container-demuxer-webm: 4f35f7cbe854078d1ac9338744f61a02 -> 
  custom:container-muxer-webm: aa71ff27fc2769a1b78a27578f13a17b -> 
  custom:video-decoder-webm-vp8: 9c59270c3fd7afecdb556c50c9e8de78 -> 
  custom:scripting/monoscript/fileName/OnDestroy.cs: 21f0b2d0f547c62839066e1888ece602 -> 36ddb7b3cfb50d5b86b9f1ab4ab1c559
  custom:SearchIndexIgnoredProperties: e643bd26f0fe6173181afceb89e7c659 -> 
  custom:AudioImporter_EditorPlatform: d09bf68614088b80899f8185d706f6e7 -> 
  custom:scripting/monoscript/fileName/Collect.cs: eb27e5b49e23847ecf656af3aa35f614 -> 
  custom:video-encoder-webm-vp8: eb34c28f22e8b96e1ab97ce403110664 -> 
  custom:audio-decoder-ogg-vorbis: bf7c407c2cedff20999df2af8eb42d56 -> 
  custom:audio-encoder-webm-vorbis: bf7c407c2cedff20999df2af8eb42d56 -> 
  custom:scripting/precompiled-assembly-types:Assembly-CSharp: 21462a6e076f1728469311d19617297c -> e5fe694ac5c4ce88cf55eec68674d031
========================================================================
Received Prepare
Caller must complete domain reload
Begin MonoManager ReloadAssembly
- Loaded All Assemblies, in  0.273 seconds
Native extension for WindowsStandalone target not found
Native extension for iOS target not found
Native extension for WebGL target not found
Mono: successfully reloaded assembly
- Finished resetting the current domain, in  0.755 seconds
Domain Reload Profiling: 1027ms
	BeginReloadAssembly (96ms)
		ExecutionOrderSort (0ms)
		DisableScriptedObjects (3ms)
		BackupInstance (0ms)
		ReleaseScriptingObjects (0ms)
		CreateAndSetChildDomain (17ms)
	RebuildCommonClasses (18ms)
	RebuildNativeTypeToScriptingClass (6ms)
	initialDomainReloadingComplete (17ms)
	LoadAllAssembliesAndSetupDomain (135ms)
		LoadAssemblies (177ms)
		RebuildTransferFunctionScriptingTraits (0ms)
		AnalyzeDomain (9ms)
			TypeCache.Refresh (5ms)
				TypeCache.ScanAssembly (0ms)
			ScanForSourceGeneratedMonoScriptInfo (0ms)
			ResolveRequiredComponents (3ms)
	FinalizeReload (756ms)
		ReleaseScriptCaches (0ms)
		RebuildScriptCaches (0ms)
		SetupLoadedEditorAssemblies (311ms)
			LogAssemblyErrors (0ms)
			InitializePlatformSupportModulesInManaged (17ms)
			SetLoadedEditorAssemblies (3ms)
			RefreshPlugins (0ms)
			BeforeProcessingInitializeOnLoad (43ms)
			ProcessInitializeOnLoadAttributes (230ms)
			ProcessInitializeOnLoadMethodAttributes (13ms)
			AfterProcessingInitializeOnLoad (5ms)
			EditorAssembliesLoaded (0ms)
		ExecutionOrderSort2 (0ms)
		AwakeInstancesAfterBackupRestoration (6ms)
Refreshing native plugins compatible for Editor in 3.83 ms, found 3 plugins.
Preloading 0 native plugins for Editor in 0.00 ms.
Unloading 3607 Unused Serialized files (Serialized files now loaded: 0)
Unloading 14 unused Assets / (28.5 KB). Loaded Objects now: 4152.
Memory consumption went from 128.4 MB to 128.3 MB.
Total: 1.841900 ms (FindLiveObjects: 0.149500 ms CreateObjectMapping: 0.044300 ms MarkObjects: 1.622900 ms  DeleteObjects: 0.024300 ms)

Prepare: number of updated asset objects reloaded= 0
AssetImportParameters requested are different than current active one (requested -> active):
  custom:container-demuxer-ogg: 62fdf1f143b41e24485cea50d1cbac27 -> 
  custom:scripting/monoscript/fileName/Collec.cs: 8c580595a4e98a35505026374c7da35b -> 
  custom:video-codec-MediaFoundation-h265: 746d11721c4dcdbdad8f713fa42b33f4 -> 
  custom:video-decoder-ogg-theora: a1e56fd34408186e4bbccfd4996cb3dc -> 
  custom:framework-win-MediaFoundation: 216162199b28c13a410421893ffa2e32 -> 
  custom:CustomObjectIndexerAttribute: 9a22284fe3817be447336de3de66b15e -> 
  custom:container-demuxer-webm: 4f35f7cbe854078d1ac9338744f61a02 -> 
  custom:container-muxer-webm: aa71ff27fc2769a1b78a27578f13a17b -> 
  custom:video-decoder-webm-vp8: 9c59270c3fd7afecdb556c50c9e8de78 -> 
  custom:scripting/monoscript/fileName/OnDestroy.cs: 21f0b2d0f547c62839066e1888ece602 -> 36ddb7b3cfb50d5b86b9f1ab4ab1c559
  custom:SearchIndexIgnoredProperties: e643bd26f0fe6173181afceb89e7c659 -> 
  custom:AudioImporter_EditorPlatform: d09bf68614088b80899f8185d706f6e7 -> 
  custom:scripting/monoscript/fileName/Collect.cs: eb27e5b49e23847ecf656af3aa35f614 -> 
  custom:video-encoder-webm-vp8: eb34c28f22e8b96e1ab97ce403110664 -> 
  custom:audio-decoder-ogg-vorbis: bf7c407c2cedff20999df2af8eb42d56 -> 
  custom:audio-encoder-webm-vorbis: bf7c407c2cedff20999df2af8eb42d56 -> 
  custom:scripting/precompiled-assembly-types:Assembly-CSharp: 21462a6e076f1728469311d19617297c -> e5fe694ac5c4ce88cf55eec68674d031
========================================================================
Received Import Request.
  Time since last request: 281.445619 seconds.
  path: Assets/Scripts/PlayerInventory.cs
  artifactKey: Guid(5812d162a59de094fbd08dde9458766a) Importer(815301076,1909f56bfc062723c751e8b465ee728b)
Start importing Assets/Scripts/PlayerInventory.cs using Guid(5812d162a59de094fbd08dde9458766a) Importer(815301076,1909f56bfc062723c751e8b465ee728b) [PhysX] Initialized MultithreadedTaskDispatcher with 24 workers.
 -> (artifact id: 'd6264618520e6d26ee81985b685eb13d') in 0.003468 seconds
Number of updated asset objects reloaded before import = 0
Number of asset objects unloaded after import = 0
========================================================================
Received Prepare
Caller must complete domain reload
Begin MonoManager ReloadAssembly
- Loaded All Assemblies, in  0.290 seconds
Native extension for WindowsStandalone target not found
Native extension for iOS target not found
Native extension for WebGL target not found
Mono: successfully reloaded assembly
- Finished resetting the current domain, in  0.654 seconds
Domain Reload Profiling: 943ms
	BeginReloadAssembly (97ms)
		ExecutionOrderSort (0ms)
		DisableScriptedObjects (3ms)
		BackupInstance (0ms)
		ReleaseScriptingObjects (0ms)
		CreateAndSetChildDomain (19ms)
	RebuildCommonClasses (18ms)
	RebuildNativeTypeToScriptingClass (6ms)
	initialDomainReloadingComplete (18ms)
	LoadAllAssembliesAndSetupDomain (149ms)
		LoadAssemblies (182ms)
		RebuildTransferFunctionScriptingTraits (0ms)
		AnalyzeDomain (19ms)
			TypeCache.Refresh (7ms)
				TypeCache.ScanAssembly (0ms)
			ScanForSourceGeneratedMonoScriptInfo (7ms)
			ResolveRequiredComponents (3ms)
	FinalizeReload (655ms)
		ReleaseScriptCaches (0ms)
		RebuildScriptCaches (0ms)
		SetupLoadedEditorAssemblies (272ms)
			LogAssemblyErrors (0ms)
			InitializePlatformSupportModulesInManaged (15ms)
			SetLoadedEditorAssemblies (3ms)
			RefreshPlugins (0ms)
			BeforeProcessingInitializeOnLoad (40ms)
			ProcessInitializeOnLoadAttributes (198ms)
			ProcessInitializeOnLoadMethodAttributes (11ms)
			AfterProcessingInitializeOnLoad (4ms)
			EditorAssembliesLoaded (0ms)
		ExecutionOrderSort2 (0ms)
		AwakeInstancesAfterBackupRestoration (6ms)
Refreshing native plugins compatible for Editor in 3.26 ms, found 3 plugins.
Preloading 0 native plugins for Editor in 0.00 ms.
Unloading 3607 Unused Serialized files (Serialized files now loaded: 0)
Unloading 14 unused Assets / (28.5 KB). Loaded Objects now: 4156.
Memory consumption went from 128.1 MB to 128.1 MB.
Total: 2.127300 ms (FindLiveObjects: 0.169900 ms CreateObjectMapping: 0.059900 ms MarkObjects: 1.866000 ms  DeleteObjects: 0.030500 ms)

Prepare: number of updated asset objects reloaded= 0
AssetImportParameters requested are different than current active one (requested -> active):
  custom:container-demuxer-ogg: 62fdf1f143b41e24485cea50d1cbac27 -> 
  custom:scripting/monoscript/fileName/Collec.cs: 8c580595a4e98a35505026374c7da35b -> 
  custom:video-codec-MediaFoundation-h265: 746d11721c4dcdbdad8f713fa42b33f4 -> 
  custom:video-decoder-ogg-theora: a1e56fd34408186e4bbccfd4996cb3dc -> 
  custom:framework-win-MediaFoundation: 216162199b28c13a410421893ffa2e32 -> 
  custom:CustomObjectIndexerAttribute: 9a22284fe3817be447336de3de66b15e -> 
  custom:container-demuxer-webm: 4f35f7cbe854078d1ac9338744f61a02 -> 
  custom:container-muxer-webm: aa71ff27fc2769a1b78a27578f13a17b -> 
  custom:video-decoder-webm-vp8: 9c59270c3fd7afecdb556c50c9e8de78 -> 
  custom:scripting/monoscript/fileName/OnDestroy.cs: 21f0b2d0f547c62839066e1888ece602 -> 36ddb7b3cfb50d5b86b9f1ab4ab1c559
  custom:SearchIndexIgnoredProperties: e643bd26f0fe6173181afceb89e7c659 -> 
  custom:AudioImporter_EditorPlatform: d09bf68614088b80899f8185d706f6e7 -> 
  custom:scripting/monoscript/fileName/PlayerInventory.cs: c5c7e2c06a5c2135f68eaadb62be68ca -> 
  custom:scripting/monoscript/fileName/Collect.cs: eb27e5b49e23847ecf656af3aa35f614 -> 
  custom:video-encoder-webm-vp8: eb34c28f22e8b96e1ab97ce403110664 -> 
  custom:audio-decoder-ogg-vorbis: bf7c407c2cedff20999df2af8eb42d56 -> 
  custom:audio-encoder-webm-vorbis: bf7c407c2cedff20999df2af8eb42d56 -> 
  custom:scripting/precompiled-assembly-types:Assembly-CSharp: df1e81f10bfc7cdc75e5dc6d72fe6f59 -> e5fe694ac5c4ce88cf55eec68674d031
========================================================================
Received Import Request.
  Time since last request: 3.345618 seconds.
  path: Assets/Scripts/PlayerInventory.cs
  artifactKey: Guid(5812d162a59de094fbd08dde9458766a) Importer(815301076,1909f56bfc062723c751e8b465ee728b)
Start importing Assets/Scripts/PlayerInventory.cs using Guid(5812d162a59de094fbd08dde9458766a) Importer(815301076,1909f56bfc062723c751e8b465ee728b) [PhysX] Initialized MultithreadedTaskDispatcher with 24 workers.
 -> (artifact id: 'af434dbd2d1b009682eb4787d303d9bc') in 0.001726 seconds
Number of updated asset objects reloaded before import = 0
Number of asset objects unloaded after import = 0
========================================================================
Received Import Request.
  Time since last request: 55.865741 seconds.
  path: Assets/Scripts/PlayerInventory.cs
  artifactKey: Guid(5812d162a59de094fbd08dde9458766a) Importer(815301076,1909f56bfc062723c751e8b465ee728b)
Start importing Assets/Scripts/PlayerInventory.cs using Guid(5812d162a59de094fbd08dde9458766a) Importer(815301076,1909f56bfc062723c751e8b465ee728b) [PhysX] Initialized MultithreadedTaskDispatcher with 24 workers.
 -> (artifact id: '441d37c0907418562f553ba99f3d7705') in 0.000629 seconds
Number of updated asset objects reloaded before import = 0
Number of asset objects unloaded after import = 0
========================================================================
Received Prepare
Caller must complete domain reload
Begin MonoManager ReloadAssembly
- Loaded All Assemblies, in  0.286 seconds
Native extension for WindowsStandalone target not found
Native extension for iOS target not found
Native extension for WebGL target not found
Mono: successfully reloaded assembly
- Finished resetting the current domain, in  0.739 seconds
Domain Reload Profiling: 1024ms
	BeginReloadAssembly (98ms)
		ExecutionOrderSort (0ms)
		DisableScriptedObjects (3ms)
		BackupInstance (0ms)
		ReleaseScriptingObjects (0ms)
		CreateAndSetChildDomain (19ms)
	RebuildCommonClasses (20ms)
	RebuildNativeTypeToScriptingClass (5ms)
	initialDomainReloadingComplete (18ms)
	LoadAllAssembliesAndSetupDomain (142ms)
		LoadAssemblies (177ms)
		RebuildTransferFunctionScriptingTraits (0ms)
		AnalyzeDomain (18ms)
			TypeCache.Refresh (6ms)
				TypeCache.ScanAssembly (0ms)
			ScanForSourceGeneratedMonoScriptInfo (7ms)
			ResolveRequiredComponents (4ms)
	FinalizeReload (740ms)
		ReleaseScriptCaches (0ms)
		RebuildScriptCaches (0ms)
		SetupLoadedEditorAssemblies (294ms)
			LogAssemblyErrors (0ms)
			InitializePlatformSupportModulesInManaged (24ms)
			SetLoadedEditorAssemblies (4ms)
			RefreshPlugins (0ms)
			BeforeProcessingInitializeOnLoad (48ms)
			ProcessInitializeOnLoadAttributes (203ms)
			ProcessInitializeOnLoadMethodAttributes (11ms)
			AfterProcessingInitializeOnLoad (4ms)
			EditorAssembliesLoaded (0ms)
		ExecutionOrderSort2 (0ms)
		AwakeInstancesAfterBackupRestoration (5ms)
Refreshing native plugins compatible for Editor in 2.46 ms, found 3 plugins.
Preloading 0 native plugins for Editor in 0.00 ms.
Unloading 3607 Unused Serialized files (Serialized files now loaded: 0)
Unloading 14 unused Assets / (28.5 KB). Loaded Objects now: 4159.
Memory consumption went from 128.1 MB to 128.1 MB.
Total: 2.071100 ms (FindLiveObjects: 0.147800 ms CreateObjectMapping: 0.045800 ms MarkObjects: 1.849400 ms  DeleteObjects: 0.027400 ms)

Prepare: number of updated asset objects reloaded= 0
AssetImportParameters requested are different than current active one (requested -> active):
  custom:container-demuxer-ogg: 62fdf1f143b41e24485cea50d1cbac27 -> 
  custom:scripting/monoscript/fileName/Collec.cs: 8c580595a4e98a35505026374c7da35b -> 
  custom:video-codec-MediaFoundation-h265: 746d11721c4dcdbdad8f713fa42b33f4 -> 
  custom:video-decoder-ogg-theora: a1e56fd34408186e4bbccfd4996cb3dc -> 
  custom:framework-win-MediaFoundation: 216162199b28c13a410421893ffa2e32 -> 
  custom:CustomObjectIndexerAttribute: 9a22284fe3817be447336de3de66b15e -> 
  custom:container-demuxer-webm: 4f35f7cbe854078d1ac9338744f61a02 -> 
  custom:container-muxer-webm: aa71ff27fc2769a1b78a27578f13a17b -> 
  custom:video-decoder-webm-vp8: 9c59270c3fd7afecdb556c50c9e8de78 -> 
  custom:scripting/monoscript/fileName/OnDestroy.cs: 21f0b2d0f547c62839066e1888ece602 -> 36ddb7b3cfb50d5b86b9f1ab4ab1c559
  custom:SearchIndexIgnoredProperties: e643bd26f0fe6173181afceb89e7c659 -> 
  custom:AudioImporter_EditorPlatform: d09bf68614088b80899f8185d706f6e7 -> 
  custom:scripting/monoscript/fileName/PlayerInventory.cs: c5c7e2c06a5c2135f68eaadb62be68ca -> 
  custom:scripting/monoscript/fileName/Collect.cs: eb27e5b49e23847ecf656af3aa35f614 -> 
  custom:video-encoder-webm-vp8: eb34c28f22e8b96e1ab97ce403110664 -> 
  custom:audio-decoder-ogg-vorbis: bf7c407c2cedff20999df2af8eb42d56 -> 
  custom:audio-encoder-webm-vorbis: bf7c407c2cedff20999df2af8eb42d56 -> 
  custom:scripting/precompiled-assembly-types:Assembly-CSharp: df1e81f10bfc7cdc75e5dc6d72fe6f59 -> e5fe694ac5c4ce88cf55eec68674d031
========================================================================
Received Import Request.
  Time since last request: 33.988559 seconds.
  path: Assets/Scripts/DeleteOnClickNewInput.cs
  artifactKey: Guid(988b64e3268995a4e9dc9bafa0f1f707) Importer(815301076,1909f56bfc062723c751e8b465ee728b)
Start importing Assets/Scripts/DeleteOnClickNewInput.cs using Guid(988b64e3268995a4e9dc9bafa0f1f707) Importer(815301076,1909f56bfc062723c751e8b465ee728b) [PhysX] Initialized MultithreadedTaskDispatcher with 24 workers.
 -> (artifact id: '14d709deb872b6c144f2699ca0ccd7a3') in 0.001499 seconds
Number of updated asset objects reloaded before import = 0
Number of asset objects unloaded after import = 0
========================================================================
Received Prepare
Caller must complete domain reload
Begin MonoManager ReloadAssembly
- Loaded All Assemblies, in  0.297 seconds
Native extension for WindowsStandalone target not found
Native extension for iOS target not found
Native extension for WebGL target not found
Mono: successfully reloaded assembly
- Finished resetting the current domain, in  0.701 seconds
Domain Reload Profiling: 996ms
	BeginReloadAssembly (104ms)
		ExecutionOrderSort (0ms)
		DisableScriptedObjects (3ms)
		BackupInstance (0ms)
		ReleaseScriptingObjects (0ms)
		CreateAndSetChildDomain (20ms)
	RebuildCommonClasses (19ms)
	RebuildNativeTypeToScriptingClass (6ms)
	initialDomainReloadingComplete (22ms)
	LoadAllAssembliesAndSetupDomain (145ms)
		LoadAssemblies (183ms)
		RebuildTransferFunctionScriptingTraits (0ms)
		AnalyzeDomain (18ms)
			TypeCache.Refresh (7ms)
				TypeCache.ScanAssembly (0ms)
			ScanForSourceGeneratedMonoScriptInfo (7ms)
			ResolveRequiredComponents (3ms)
	FinalizeReload (701ms)
		ReleaseScriptCaches (0ms)
		RebuildScriptCaches (0ms)
		SetupLoadedEditorAssemblies (269ms)
			LogAssemblyErrors (0ms)
			InitializePlatformSupportModulesInManaged (15ms)
			SetLoadedEditorAssemblies (3ms)
			RefreshPlugins (0ms)
			BeforeProcessingInitializeOnLoad (39ms)
			ProcessInitializeOnLoadAttributes (198ms)
			ProcessInitializeOnLoadMethodAttributes (11ms)
			AfterProcessingInitializeOnLoad (4ms)
			EditorAssembliesLoaded (0ms)
		ExecutionOrderSort2 (0ms)
		AwakeInstancesAfterBackupRestoration (5ms)
Refreshing native plugins compatible for Editor in 2.66 ms, found 3 plugins.
Preloading 0 native plugins for Editor in 0.00 ms.
Unloading 3607 Unused Serialized files (Serialized files now loaded: 0)
Unloading 14 unused Assets / (28.5 KB). Loaded Objects now: 4162.
Memory consumption went from 128.1 MB to 128.1 MB.
Total: 2.369300 ms (FindLiveObjects: 0.173700 ms CreateObjectMapping: 0.045300 ms MarkObjects: 2.120700 ms  DeleteObjects: 0.028600 ms)

Prepare: number of updated asset objects reloaded= 0
AssetImportParameters requested are different than current active one (requested -> active):
  custom:container-demuxer-ogg: 62fdf1f143b41e24485cea50d1cbac27 -> 
  custom:scripting/monoscript/fileName/Collec.cs: 8c580595a4e98a35505026374c7da35b -> 
  custom:video-codec-MediaFoundation-h265: 746d11721c4dcdbdad8f713fa42b33f4 -> 
  custom:video-decoder-ogg-theora: a1e56fd34408186e4bbccfd4996cb3dc -> 
  custom:framework-win-MediaFoundation: 216162199b28c13a410421893ffa2e32 -> 
  custom:CustomObjectIndexerAttribute: 9a22284fe3817be447336de3de66b15e -> 
  custom:container-demuxer-webm: 4f35f7cbe854078d1ac9338744f61a02 -> 
  custom:container-muxer-webm: aa71ff27fc2769a1b78a27578f13a17b -> 
  custom:video-decoder-webm-vp8: 9c59270c3fd7afecdb556c50c9e8de78 -> 
  custom:scripting/monoscript/fileName/OnDestroy.cs: 21f0b2d0f547c62839066e1888ece602 -> 36ddb7b3cfb50d5b86b9f1ab4ab1c559
  custom:SearchIndexIgnoredProperties: e643bd26f0fe6173181afceb89e7c659 -> 
  custom:AudioImporter_EditorPlatform: d09bf68614088b80899f8185d706f6e7 -> 
  custom:scripting/monoscript/fileName/PlayerInventory.cs: c5c7e2c06a5c2135f68eaadb62be68ca -> 
  custom:scripting/monoscript/fileName/Collect.cs: eb27e5b49e23847ecf656af3aa35f614 -> 
  custom:video-encoder-webm-vp8: eb34c28f22e8b96e1ab97ce403110664 -> 
  custom:audio-decoder-ogg-vorbis: bf7c407c2cedff20999df2af8eb42d56 -> 
  custom:audio-encoder-webm-vorbis: bf7c407c2cedff20999df2af8eb42d56 -> 
  custom:scripting/precompiled-assembly-types:Assembly-CSharp: df1e81f10bfc7cdc75e5dc6d72fe6f59 -> e5fe694ac5c4ce88cf55eec68674d031
========================================================================
Received Prepare
Caller must complete domain reload
Begin MonoManager ReloadAssembly
- Loaded All Assemblies, in  0.294 seconds
Native extension for WindowsStandalone target not found
Native extension for iOS target not found
Native extension for WebGL target not found
Mono: successfully reloaded assembly
- Finished resetting the current domain, in  0.730 seconds
Domain Reload Profiling: 1023ms
	BeginReloadAssembly (98ms)
		ExecutionOrderSort (0ms)
		DisableScriptedObjects (3ms)
		BackupInstance (0ms)
		ReleaseScriptingObjects (0ms)
		CreateAndSetChildDomain (18ms)
	RebuildCommonClasses (19ms)
	RebuildNativeTypeToScriptingClass (6ms)
	initialDomainReloadingComplete (18ms)
	LoadAllAssembliesAndSetupDomain (152ms)
		LoadAssemblies (186ms)
		RebuildTransferFunctionScriptingTraits (0ms)
		AnalyzeDomain (19ms)
			TypeCache.Refresh (6ms)
				TypeCache.ScanAssembly (0ms)
			ScanForSourceGeneratedMonoScriptInfo (7ms)
			ResolveRequiredComponents (3ms)
	FinalizeReload (730ms)
		ReleaseScriptCaches (0ms)
		RebuildScriptCaches (0ms)
		SetupLoadedEditorAssemblies (328ms)
			LogAssemblyErrors (0ms)
			InitializePlatformSupportModulesInManaged (17ms)
			SetLoadedEditorAssemblies (3ms)
			RefreshPlugins (0ms)
			BeforeProcessingInitializeOnLoad (44ms)
			ProcessInitializeOnLoadAttributes (246ms)
			ProcessInitializeOnLoadMethodAttributes (10ms)
			AfterProcessingInitializeOnLoad (7ms)
			EditorAssembliesLoaded (0ms)
		ExecutionOrderSort2 (0ms)
		AwakeInstancesAfterBackupRestoration (10ms)
Refreshing native plugins compatible for Editor in 2.50 ms, found 3 plugins.
Preloading 0 native plugins for Editor in 0.00 ms.
Unloading 3608 Unused Serialized files (Serialized files now loaded: 0)
Unloading 14 unused Assets / (28.5 KB). Loaded Objects now: 4165.
Memory consumption went from 128.4 MB to 128.4 MB.
Total: 1.966600 ms (FindLiveObjects: 0.149600 ms CreateObjectMapping: 0.047300 ms MarkObjects: 1.741400 ms  DeleteObjects: 0.027500 ms)

Prepare: number of updated asset objects reloaded= 0
AssetImportParameters requested are different than current active one (requested -> active):
  custom:container-demuxer-ogg: 62fdf1f143b41e24485cea50d1cbac27 -> 
  custom:scripting/monoscript/fileName/Collec.cs: 8c580595a4e98a35505026374c7da35b -> 
  custom:video-codec-MediaFoundation-h265: 746d11721c4dcdbdad8f713fa42b33f4 -> 
  custom:video-decoder-ogg-theora: a1e56fd34408186e4bbccfd4996cb3dc -> 
  custom:framework-win-MediaFoundation: 216162199b28c13a410421893ffa2e32 -> 
  custom:CustomObjectIndexerAttribute: 9a22284fe3817be447336de3de66b15e -> 
  custom:container-demuxer-webm: 4f35f7cbe854078d1ac9338744f61a02 -> 
  custom:container-muxer-webm: aa71ff27fc2769a1b78a27578f13a17b -> 
  custom:video-decoder-webm-vp8: 9c59270c3fd7afecdb556c50c9e8de78 -> 
  custom:scripting/monoscript/fileName/OnDestroy.cs: 21f0b2d0f547c62839066e1888ece602 -> 36ddb7b3cfb50d5b86b9f1ab4ab1c559
  custom:SearchIndexIgnoredProperties: e643bd26f0fe6173181afceb89e7c659 -> 
  custom:AudioImporter_EditorPlatform: d09bf68614088b80899f8185d706f6e7 -> 
  custom:scripting/monoscript/fileName/PlayerInventory.cs: c5c7e2c06a5c2135f68eaadb62be68ca -> 
  custom:scripting/monoscript/fileName/Collect.cs: eb27e5b49e23847ecf656af3aa35f614 -> 
  custom:video-encoder-webm-vp8: eb34c28f22e8b96e1ab97ce403110664 -> 
  custom:audio-decoder-ogg-vorbis: bf7c407c2cedff20999df2af8eb42d56 -> 
  custom:audio-encoder-webm-vorbis: bf7c407c2cedff20999df2af8eb42d56 -> 
  custom:scripting/precompiled-assembly-types:Assembly-CSharp: df1e81f10bfc7cdc75e5dc6d72fe6f59 -> e5fe694ac5c4ce88cf55eec68674d031
========================================================================
Received Prepare
Caller must complete domain reload
Begin MonoManager ReloadAssembly
- Loaded All Assemblies, in  0.271 seconds
Native extension for WindowsStandalone target not found
Native extension for iOS target not found
Native extension for WebGL target not found
Mono: successfully reloaded assembly
- Finished resetting the current domain, in  0.701 seconds
Domain Reload Profiling: 971ms
	BeginReloadAssembly (95ms)
		ExecutionOrderSort (0ms)
		DisableScriptedObjects (3ms)
		BackupInstance (0ms)
		ReleaseScriptingObjects (0ms)
		CreateAndSetChildDomain (16ms)
	RebuildCommonClasses (18ms)
	RebuildNativeTypeToScriptingClass (6ms)
	initialDomainReloadingComplete (18ms)
	LoadAllAssembliesAndSetupDomain (133ms)
		LoadAssemblies (175ms)
		RebuildTransferFunctionScriptingTraits (0ms)
		AnalyzeDomain (9ms)
			TypeCache.Refresh (4ms)
				TypeCache.ScanAssembly (0ms)
			ScanForSourceGeneratedMonoScriptInfo (0ms)
			ResolveRequiredComponents (3ms)
	FinalizeReload (702ms)
		ReleaseScriptCaches (0ms)
		RebuildScriptCaches (0ms)
		SetupLoadedEditorAssemblies (306ms)
			LogAssemblyErrors (0ms)
			InitializePlatformSupportModulesInManaged (17ms)
			SetLoadedEditorAssemblies (3ms)
			RefreshPlugins (0ms)
			BeforeProcessingInitializeOnLoad (42ms)
			ProcessInitializeOnLoadAttributes (226ms)
			ProcessInitializeOnLoadMethodAttributes (13ms)
			AfterProcessingInitializeOnLoad (5ms)
			EditorAssembliesLoaded (0ms)
		ExecutionOrderSort2 (0ms)
		AwakeInstancesAfterBackupRestoration (6ms)
Refreshing native plugins compatible for Editor in 4.39 ms, found 3 plugins.
Preloading 0 native plugins for Editor in 0.00 ms.
Unloading 3608 Unused Serialized files (Serialized files now loaded: 0)
Unloading 14 unused Assets / (28.6 KB). Loaded Objects now: 4168.
Memory consumption went from 128.4 MB to 128.4 MB.
Total: 1.940700 ms (FindLiveObjects: 0.148400 ms CreateObjectMapping: 0.047700 ms MarkObjects: 1.718100 ms  DeleteObjects: 0.025600 ms)

Prepare: number of updated asset objects reloaded= 0
AssetImportParameters requested are different than current active one (requested -> active):
  custom:container-demuxer-ogg: 62fdf1f143b41e24485cea50d1cbac27 -> 
  custom:scripting/monoscript/fileName/Collec.cs: 8c580595a4e98a35505026374c7da35b -> 
  custom:video-codec-MediaFoundation-h265: 746d11721c4dcdbdad8f713fa42b33f4 -> 
  custom:video-decoder-ogg-theora: a1e56fd34408186e4bbccfd4996cb3dc -> 
  custom:framework-win-MediaFoundation: 216162199b28c13a410421893ffa2e32 -> 
  custom:CustomObjectIndexerAttribute: 9a22284fe3817be447336de3de66b15e -> 
  custom:container-demuxer-webm: 4f35f7cbe854078d1ac9338744f61a02 -> 
  custom:container-muxer-webm: aa71ff27fc2769a1b78a27578f13a17b -> 
  custom:video-decoder-webm-vp8: 9c59270c3fd7afecdb556c50c9e8de78 -> 
  custom:scripting/monoscript/fileName/OnDestroy.cs: 21f0b2d0f547c62839066e1888ece602 -> 36ddb7b3cfb50d5b86b9f1ab4ab1c559
  custom:SearchIndexIgnoredProperties: e643bd26f0fe6173181afceb89e7c659 -> 
  custom:AudioImporter_EditorPlatform: d09bf68614088b80899f8185d706f6e7 -> 
  custom:scripting/monoscript/fileName/PlayerInventory.cs: c5c7e2c06a5c2135f68eaadb62be68ca -> 
  custom:scripting/monoscript/fileName/Collect.cs: eb27e5b49e23847ecf656af3aa35f614 -> 
  custom:video-encoder-webm-vp8: eb34c28f22e8b96e1ab97ce403110664 -> 
  custom:audio-decoder-ogg-vorbis: bf7c407c2cedff20999df2af8eb42d56 -> 
  custom:audio-encoder-webm-vorbis: bf7c407c2cedff20999df2af8eb42d56 -> 
  custom:scripting/precompiled-assembly-types:Assembly-CSharp: df1e81f10bfc7cdc75e5dc6d72fe6f59 -> e5fe694ac5c4ce88cf55eec68674d031
========================================================================
Received Prepare
Caller must complete domain reload
Begin MonoManager ReloadAssembly
- Loaded All Assemblies, in  0.278 seconds
Native extension for WindowsStandalone target not found
Native extension for iOS target not found
Native extension for WebGL target not found
Mono: successfully reloaded assembly
- Finished resetting the current domain, in  0.760 seconds
Domain Reload Profiling: 1036ms
	BeginReloadAssembly (98ms)
		ExecutionOrderSort (0ms)
		DisableScriptedObjects (3ms)
		BackupInstance (0ms)
		ReleaseScriptingObjects (0ms)
		CreateAndSetChildDomain (17ms)
	RebuildCommonClasses (19ms)
	RebuildNativeTypeToScriptingClass (6ms)
	initialDomainReloadingComplete (18ms)
	LoadAllAssembliesAndSetupDomain (136ms)
		LoadAssemblies (171ms)
		RebuildTransferFunctionScriptingTraits (0ms)
		AnalyzeDomain (17ms)
			TypeCache.Refresh (6ms)
				TypeCache.ScanAssembly (0ms)
			ScanForSourceGeneratedMonoScriptInfo (7ms)
			ResolveRequiredComponents (3ms)
	FinalizeReload (760ms)
		ReleaseScriptCaches (0ms)
		RebuildScriptCaches (0ms)
		SetupLoadedEditorAssemblies (261ms)
			LogAssemblyErrors (0ms)
			InitializePlatformSupportModulesInManaged (13ms)
			SetLoadedEditorAssemblies (3ms)
			RefreshPlugins (0ms)
			BeforeProcessingInitializeOnLoad (37ms)
			ProcessInitializeOnLoadAttributes (193ms)
			ProcessInitializeOnLoadMethodAttributes (11ms)
			AfterProcessingInitializeOnLoad (4ms)
			EditorAssembliesLoaded (0ms)
		ExecutionOrderSort2 (0ms)
		AwakeInstancesAfterBackupRestoration (5ms)
Refreshing native plugins compatible for Editor in 2.52 ms, found 3 plugins.
Preloading 0 native plugins for Editor in 0.00 ms.
Unloading 3608 Unused Serialized files (Serialized files now loaded: 0)
Unloading 14 unused Assets / (28.5 KB). Loaded Objects now: 4171.
Memory consumption went from 128.4 MB to 128.4 MB.
Total: 2.592000 ms (FindLiveObjects: 0.307800 ms CreateObjectMapping: 0.086100 ms MarkObjects: 2.163200 ms  DeleteObjects: 0.034000 ms)

Prepare: number of updated asset objects reloaded= 0
AssetImportParameters requested are different than current active one (requested -> active):
  custom:container-demuxer-ogg: 62fdf1f143b41e24485cea50d1cbac27 -> 
  custom:scripting/monoscript/fileName/Collec.cs: 8c580595a4e98a35505026374c7da35b -> 
  custom:video-codec-MediaFoundation-h265: 746d11721c4dcdbdad8f713fa42b33f4 -> 
  custom:video-decoder-ogg-theora: a1e56fd34408186e4bbccfd4996cb3dc -> 
  custom:framework-win-MediaFoundation: 216162199b28c13a410421893ffa2e32 -> 
  custom:CustomObjectIndexerAttribute: 9a22284fe3817be447336de3de66b15e -> 
  custom:container-demuxer-webm: 4f35f7cbe854078d1ac9338744f61a02 -> 
  custom:container-muxer-webm: aa71ff27fc2769a1b78a27578f13a17b -> 
  custom:video-decoder-webm-vp8: 9c59270c3fd7afecdb556c50c9e8de78 -> 
  custom:scripting/monoscript/fileName/OnDestroy.cs: 21f0b2d0f547c62839066e1888ece602 -> 36ddb7b3cfb50d5b86b9f1ab4ab1c559
  custom:SearchIndexIgnoredProperties: e643bd26f0fe6173181afceb89e7c659 -> 
  custom:AudioImporter_EditorPlatform: d09bf68614088b80899f8185d706f6e7 -> 
  custom:scripting/monoscript/fileName/PlayerInventory.cs: c5c7e2c06a5c2135f68eaadb62be68ca -> 
  custom:scripting/monoscript/fileName/Collect.cs: eb27e5b49e23847ecf656af3aa35f614 -> 
  custom:video-encoder-webm-vp8: eb34c28f22e8b96e1ab97ce403110664 -> 
  custom:audio-decoder-ogg-vorbis: bf7c407c2cedff20999df2af8eb42d56 -> 
  custom:audio-encoder-webm-vorbis: bf7c407c2cedff20999df2af8eb42d56 -> 
  custom:scripting/precompiled-assembly-types:Assembly-CSharp: df1e81f10bfc7cdc75e5dc6d72fe6f59 -> e5fe694ac5c4ce88cf55eec68674d031
========================================================================
Received Prepare
Caller must complete domain reload
Begin MonoManager ReloadAssembly
- Loaded All Assemblies, in  0.276 seconds
Native extension for WindowsStandalone target not found
Native extension for iOS target not found
Native extension for WebGL target not found
Mono: successfully reloaded assembly
- Finished resetting the current domain, in  0.695 seconds
Domain Reload Profiling: 970ms
	BeginReloadAssembly (96ms)
		ExecutionOrderSort (0ms)
		DisableScriptedObjects (3ms)
		BackupInstance (0ms)
		ReleaseScriptingObjects (0ms)
		CreateAndSetChildDomain (17ms)
	RebuildCommonClasses (18ms)
	RebuildNativeTypeToScriptingClass (6ms)
	initialDomainReloadingComplete (17ms)
	LoadAllAssembliesAndSetupDomain (138ms)
		LoadAssemblies (181ms)
		RebuildTransferFunctionScriptingTraits (0ms)
		AnalyzeDomain (9ms)
			TypeCache.Refresh (5ms)
				TypeCache.ScanAssembly (0ms)
			ScanForSourceGeneratedMonoScriptInfo (0ms)
			ResolveRequiredComponents (3ms)
	FinalizeReload (696ms)
		ReleaseScriptCaches (0ms)
		RebuildScriptCaches (0ms)
		SetupLoadedEditorAssemblies (310ms)
			LogAssemblyErrors (0ms)
			InitializePlatformSupportModulesInManaged (17ms)
			SetLoadedEditorAssemblies (3ms)
			RefreshPlugins (0ms)
			BeforeProcessingInitializeOnLoad (43ms)
			ProcessInitializeOnLoadAttributes (228ms)
			ProcessInitializeOnLoadMethodAttributes (13ms)
			AfterProcessingInitializeOnLoad (5ms)
			EditorAssembliesLoaded (0ms)
		ExecutionOrderSort2 (0ms)
		AwakeInstancesAfterBackupRestoration (6ms)
Refreshing native plugins compatible for Editor in 3.96 ms, found 3 plugins.
Preloading 0 native plugins for Editor in 0.00 ms.
Unloading 3608 Unused Serialized files (Serialized files now loaded: 0)
Unloading 14 unused Assets / (28.5 KB). Loaded Objects now: 4174.
Memory consumption went from 128.4 MB to 128.4 MB.
Total: 1.864100 ms (FindLiveObjects: 0.166000 ms CreateObjectMapping: 0.047300 ms MarkObjects: 1.620100 ms  DeleteObjects: 0.030100 ms)

Prepare: number of updated asset objects reloaded= 0
AssetImportParameters requested are different than current active one (requested -> active):
  custom:container-demuxer-ogg: 62fdf1f143b41e24485cea50d1cbac27 -> 
  custom:scripting/monoscript/fileName/Collec.cs: 8c580595a4e98a35505026374c7da35b -> 
  custom:video-codec-MediaFoundation-h265: 746d11721c4dcdbdad8f713fa42b33f4 -> 
  custom:video-decoder-ogg-theora: a1e56fd34408186e4bbccfd4996cb3dc -> 
  custom:framework-win-MediaFoundation: 216162199b28c13a410421893ffa2e32 -> 
  custom:CustomObjectIndexerAttribute: 9a22284fe3817be447336de3de66b15e -> 
  custom:container-demuxer-webm: 4f35f7cbe854078d1ac9338744f61a02 -> 
  custom:container-muxer-webm: aa71ff27fc2769a1b78a27578f13a17b -> 
  custom:video-decoder-webm-vp8: 9c59270c3fd7afecdb556c50c9e8de78 -> 
  custom:scripting/monoscript/fileName/OnDestroy.cs: 21f0b2d0f547c62839066e1888ece602 -> 36ddb7b3cfb50d5b86b9f1ab4ab1c559
  custom:SearchIndexIgnoredProperties: e643bd26f0fe6173181afceb89e7c659 -> 
  custom:AudioImporter_EditorPlatform: d09bf68614088b80899f8185d706f6e7 -> 
  custom:scripting/monoscript/fileName/PlayerInventory.cs: c5c7e2c06a5c2135f68eaadb62be68ca -> 
  custom:scripting/monoscript/fileName/Collect.cs: eb27e5b49e23847ecf656af3aa35f614 -> 
  custom:video-encoder-webm-vp8: eb34c28f22e8b96e1ab97ce403110664 -> 
  custom:audio-decoder-ogg-vorbis: bf7c407c2cedff20999df2af8eb42d56 -> 
  custom:audio-encoder-webm-vorbis: bf7c407c2cedff20999df2af8eb42d56 -> 
  custom:scripting/precompiled-assembly-types:Assembly-CSharp: df1e81f10bfc7cdc75e5dc6d72fe6f59 -> e5fe694ac5c4ce88cf55eec68674d031
========================================================================
Received Prepare
Caller must complete domain reload
Begin MonoManager ReloadAssembly
- Loaded All Assemblies, in  0.276 seconds
Native extension for WindowsStandalone target not found
Native extension for iOS target not found
Native extension for WebGL target not found
Mono: successfully reloaded assembly
- Finished resetting the current domain, in  0.732 seconds
Domain Reload Profiling: 1006ms
	BeginReloadAssembly (98ms)
		ExecutionOrderSort (0ms)
		DisableScriptedObjects (3ms)
		BackupInstance (0ms)
		ReleaseScriptingObjects (0ms)
		CreateAndSetChildDomain (19ms)
	RebuildCommonClasses (19ms)
	RebuildNativeTypeToScriptingClass (6ms)
	initialDomainReloadingComplete (17ms)
	LoadAllAssembliesAndSetupDomain (135ms)
		LoadAssemblies (177ms)
		RebuildTransferFunctionScriptingTraits (0ms)
		AnalyzeDomain (9ms)
			TypeCache.Refresh (4ms)
				TypeCache.ScanAssembly (0ms)
			ScanForSourceGeneratedMonoScriptInfo (0ms)
			ResolveRequiredComponents (3ms)
	FinalizeReload (732ms)
		ReleaseScriptCaches (0ms)
		RebuildScriptCaches (0ms)
		SetupLoadedEditorAssemblies (311ms)
			LogAssemblyErrors (0ms)
			InitializePlatformSupportModulesInManaged (17ms)
			SetLoadedEditorAssemblies (3ms)
			RefreshPlugins (0ms)
			BeforeProcessingInitializeOnLoad (42ms)
			ProcessInitializeOnLoadAttributes (231ms)
			ProcessInitializeOnLoadMethodAttributes (13ms)
			AfterProcessingInitializeOnLoad (5ms)
			EditorAssembliesLoaded (0ms)
		ExecutionOrderSort2 (0ms)
		AwakeInstancesAfterBackupRestoration (7ms)
Refreshing native plugins compatible for Editor in 3.61 ms, found 3 plugins.
Preloading 0 native plugins for Editor in 0.00 ms.
Unloading 3608 Unused Serialized files (Serialized files now loaded: 0)
Unloading 14 unused Assets / (28.5 KB). Loaded Objects now: 4177.
Memory consumption went from 128.4 MB to 128.4 MB.
Total: 1.874400 ms (FindLiveObjects: 0.157900 ms CreateObjectMapping: 0.047200 ms MarkObjects: 1.640700 ms  DeleteObjects: 0.027900 ms)

Prepare: number of updated asset objects reloaded= 0
AssetImportParameters requested are different than current active one (requested -> active):
  custom:container-demuxer-ogg: 62fdf1f143b41e24485cea50d1cbac27 -> 
  custom:scripting/monoscript/fileName/Collec.cs: 8c580595a4e98a35505026374c7da35b -> 
  custom:video-codec-MediaFoundation-h265: 746d11721c4dcdbdad8f713fa42b33f4 -> 
  custom:video-decoder-ogg-theora: a1e56fd34408186e4bbccfd4996cb3dc -> 
  custom:framework-win-MediaFoundation: 216162199b28c13a410421893ffa2e32 -> 
  custom:CustomObjectIndexerAttribute: 9a22284fe3817be447336de3de66b15e -> 
  custom:container-demuxer-webm: 4f35f7cbe854078d1ac9338744f61a02 -> 
  custom:container-muxer-webm: aa71ff27fc2769a1b78a27578f13a17b -> 
  custom:video-decoder-webm-vp8: 9c59270c3fd7afecdb556c50c9e8de78 -> 
  custom:scripting/monoscript/fileName/OnDestroy.cs: 21f0b2d0f547c62839066e1888ece602 -> 36ddb7b3cfb50d5b86b9f1ab4ab1c559
  custom:SearchIndexIgnoredProperties: e643bd26f0fe6173181afceb89e7c659 -> 
  custom:AudioImporter_EditorPlatform: d09bf68614088b80899f8185d706f6e7 -> 
  custom:scripting/monoscript/fileName/PlayerInventory.cs: c5c7e2c06a5c2135f68eaadb62be68ca -> 
  custom:scripting/monoscript/fileName/Collect.cs: eb27e5b49e23847ecf656af3aa35f614 -> 
  custom:video-encoder-webm-vp8: eb34c28f22e8b96e1ab97ce403110664 -> 
  custom:audio-decoder-ogg-vorbis: bf7c407c2cedff20999df2af8eb42d56 -> 
  custom:audio-encoder-webm-vorbis: bf7c407c2cedff20999df2af8eb42d56 -> 
  custom:scripting/precompiled-assembly-types:Assembly-CSharp: df1e81f10bfc7cdc75e5dc6d72fe6f59 -> e5fe694ac5c4ce88cf55eec68674d031
========================================================================
Received Prepare
Caller must complete domain reload
Begin MonoManager ReloadAssembly
- Loaded All Assemblies, in  0.276 seconds
Native extension for WindowsStandalone target not found
Native extension for iOS target not found
Native extension for WebGL target not found
Mono: successfully reloaded assembly
- Finished resetting the current domain, in  0.696 seconds
Domain Reload Profiling: 971ms
	BeginReloadAssembly (98ms)
		ExecutionOrderSort (0ms)
		DisableScriptedObjects (4ms)
		BackupInstance (0ms)
		ReleaseScriptingObjects (0ms)
		CreateAndSetChildDomain (19ms)
	RebuildCommonClasses (18ms)
	RebuildNativeTypeToScriptingClass (5ms)
	initialDomainReloadingComplete (17ms)
	LoadAllAssembliesAndSetupDomain (135ms)
		LoadAssemblies (178ms)
		RebuildTransferFunctionScriptingTraits (0ms)
		AnalyzeDomain (9ms)
			TypeCache.Refresh (4ms)
				TypeCache.ScanAssembly (0ms)
			ScanForSourceGeneratedMonoScriptInfo (0ms)
			ResolveRequiredComponents (3ms)
	FinalizeReload (696ms)
		ReleaseScriptCaches (0ms)
		RebuildScriptCaches (0ms)
		SetupLoadedEditorAssemblies (305ms)
			LogAssemblyErrors (0ms)
			InitializePlatformSupportModulesInManaged (16ms)
			SetLoadedEditorAssemblies (3ms)
			RefreshPlugins (0ms)
			BeforeProcessingInitializeOnLoad (40ms)
			ProcessInitializeOnLoadAttributes (228ms)
			ProcessInitializeOnLoadMethodAttributes (13ms)
			AfterProcessingInitializeOnLoad (5ms)
			EditorAssembliesLoaded (0ms)
		ExecutionOrderSort2 (0ms)
		AwakeInstancesAfterBackupRestoration (6ms)
Refreshing native plugins compatible for Editor in 3.85 ms, found 3 plugins.
Preloading 0 native plugins for Editor in 0.00 ms.
Unloading 3608 Unused Serialized files (Serialized files now loaded: 0)
Unloading 14 unused Assets / (28.6 KB). Loaded Objects now: 4180.
Memory consumption went from 128.4 MB to 128.4 MB.
Total: 1.952200 ms (FindLiveObjects: 0.207900 ms CreateObjectMapping: 0.049200 ms MarkObjects: 1.669000 ms  DeleteObjects: 0.025800 ms)

Prepare: number of updated asset objects reloaded= 0
AssetImportParameters requested are different than current active one (requested -> active):
  custom:container-demuxer-ogg: 62fdf1f143b41e24485cea50d1cbac27 -> 
  custom:scripting/monoscript/fileName/Collec.cs: 8c580595a4e98a35505026374c7da35b -> 
  custom:video-codec-MediaFoundation-h265: 746d11721c4dcdbdad8f713fa42b33f4 -> 
  custom:video-decoder-ogg-theora: a1e56fd34408186e4bbccfd4996cb3dc -> 
  custom:framework-win-MediaFoundation: 216162199b28c13a410421893ffa2e32 -> 
  custom:CustomObjectIndexerAttribute: 9a22284fe3817be447336de3de66b15e -> 
  custom:container-demuxer-webm: 4f35f7cbe854078d1ac9338744f61a02 -> 
  custom:container-muxer-webm: aa71ff27fc2769a1b78a27578f13a17b -> 
  custom:video-decoder-webm-vp8: 9c59270c3fd7afecdb556c50c9e8de78 -> 
  custom:scripting/monoscript/fileName/OnDestroy.cs: 21f0b2d0f547c62839066e1888ece602 -> 36ddb7b3cfb50d5b86b9f1ab4ab1c559
  custom:SearchIndexIgnoredProperties: e643bd26f0fe6173181afceb89e7c659 -> 
  custom:AudioImporter_EditorPlatform: d09bf68614088b80899f8185d706f6e7 -> 
  custom:scripting/monoscript/fileName/PlayerInventory.cs: c5c7e2c06a5c2135f68eaadb62be68ca -> 
  custom:scripting/monoscript/fileName/Collect.cs: eb27e5b49e23847ecf656af3aa35f614 -> 
  custom:video-encoder-webm-vp8: eb34c28f22e8b96e1ab97ce403110664 -> 
  custom:audio-decoder-ogg-vorbis: bf7c407c2cedff20999df2af8eb42d56 -> 
  custom:audio-encoder-webm-vorbis: bf7c407c2cedff20999df2af8eb42d56 -> 
  custom:scripting/precompiled-assembly-types:Assembly-CSharp: df1e81f10bfc7cdc75e5dc6d72fe6f59 -> e5fe694ac5c4ce88cf55eec68674d031
========================================================================
Received Prepare
Caller must complete domain reload
Begin MonoManager ReloadAssembly
- Loaded All Assemblies, in  0.270 seconds
Native extension for WindowsStandalone target not found
Native extension for iOS target not found
Native extension for WebGL target not found
Mono: successfully reloaded assembly
- Finished resetting the current domain, in  0.681 seconds
Domain Reload Profiling: 950ms
	BeginReloadAssembly (94ms)
		ExecutionOrderSort (0ms)
		DisableScriptedObjects (3ms)
		BackupInstance (0ms)
		ReleaseScriptingObjects (0ms)
		CreateAndSetChildDomain (17ms)
	RebuildCommonClasses (19ms)
	RebuildNativeTypeToScriptingClass (6ms)
	initialDomainReloadingComplete (18ms)
	LoadAllAssembliesAndSetupDomain (132ms)
		LoadAssemblies (174ms)
		RebuildTransferFunctionScriptingTraits (0ms)
		AnalyzeDomain (9ms)
			TypeCache.Refresh (4ms)
				TypeCache.ScanAssembly (0ms)
			ScanForSourceGeneratedMonoScriptInfo (0ms)
			ResolveRequiredComponents (3ms)
	FinalizeReload (681ms)
		ReleaseScriptCaches (0ms)
		RebuildScriptCaches (0ms)
		SetupLoadedEditorAssemblies (300ms)
			LogAssemblyErrors (0ms)
			InitializePlatformSupportModulesInManaged (16ms)
			SetLoadedEditorAssemblies (3ms)
			RefreshPlugins (0ms)
			BeforeProcessingInitializeOnLoad (39ms)
			ProcessInitializeOnLoadAttributes (223ms)
			ProcessInitializeOnLoadMethodAttributes (14ms)
			AfterProcessingInitializeOnLoad (4ms)
			EditorAssembliesLoaded (0ms)
		ExecutionOrderSort2 (0ms)
		AwakeInstancesAfterBackupRestoration (6ms)
Refreshing native plugins compatible for Editor in 3.86 ms, found 3 plugins.
Preloading 0 native plugins for Editor in 0.00 ms.
Unloading 3608 Unused Serialized files (Serialized files now loaded: 0)
Unloading 14 unused Assets / (28.5 KB). Loaded Objects now: 4183.
Memory consumption went from 128.4 MB to 128.4 MB.
Total: 1.892900 ms (FindLiveObjects: 0.147300 ms CreateObjectMapping: 0.044200 ms MarkObjects: 1.630100 ms  DeleteObjects: 0.070400 ms)

Prepare: number of updated asset objects reloaded= 0
AssetImportParameters requested are different than current active one (requested -> active):
  custom:container-demuxer-ogg: 62fdf1f143b41e24485cea50d1cbac27 -> 
  custom:scripting/monoscript/fileName/Collec.cs: 8c580595a4e98a35505026374c7da35b -> 
  custom:video-codec-MediaFoundation-h265: 746d11721c4dcdbdad8f713fa42b33f4 -> 
  custom:video-decoder-ogg-theora: a1e56fd34408186e4bbccfd4996cb3dc -> 
  custom:framework-win-MediaFoundation: 216162199b28c13a410421893ffa2e32 -> 
  custom:CustomObjectIndexerAttribute: 9a22284fe3817be447336de3de66b15e -> 
  custom:container-demuxer-webm: 4f35f7cbe854078d1ac9338744f61a02 -> 
  custom:container-muxer-webm: aa71ff27fc2769a1b78a27578f13a17b -> 
  custom:video-decoder-webm-vp8: 9c59270c3fd7afecdb556c50c9e8de78 -> 
  custom:scripting/monoscript/fileName/OnDestroy.cs: 21f0b2d0f547c62839066e1888ece602 -> 36ddb7b3cfb50d5b86b9f1ab4ab1c559
  custom:SearchIndexIgnoredProperties: e643bd26f0fe6173181afceb89e7c659 -> 
  custom:AudioImporter_EditorPlatform: d09bf68614088b80899f8185d706f6e7 -> 
  custom:scripting/monoscript/fileName/PlayerInventory.cs: c5c7e2c06a5c2135f68eaadb62be68ca -> 
  custom:scripting/monoscript/fileName/Collect.cs: eb27e5b49e23847ecf656af3aa35f614 -> 
  custom:video-encoder-webm-vp8: eb34c28f22e8b96e1ab97ce403110664 -> 
  custom:audio-decoder-ogg-vorbis: bf7c407c2cedff20999df2af8eb42d56 -> 
  custom:audio-encoder-webm-vorbis: bf7c407c2cedff20999df2af8eb42d56 -> 
  custom:scripting/precompiled-assembly-types:Assembly-CSharp: df1e81f10bfc7cdc75e5dc6d72fe6f59 -> e5fe694ac5c4ce88cf55eec68674d031
========================================================================
Received Prepare
Caller must complete domain reload
Begin MonoManager ReloadAssembly
- Loaded All Assemblies, in  0.274 seconds
Native extension for WindowsStandalone target not found
Native extension for iOS target not found
Native extension for WebGL target not found
Mono: successfully reloaded assembly
- Finished resetting the current domain, in  0.725 seconds
Domain Reload Profiling: 998ms
	BeginReloadAssembly (97ms)
		ExecutionOrderSort (0ms)
		DisableScriptedObjects (3ms)
		BackupInstance (0ms)
		ReleaseScriptingObjects (0ms)
		CreateAndSetChildDomain (18ms)
	RebuildCommonClasses (20ms)
	RebuildNativeTypeToScriptingClass (5ms)
	initialDomainReloadingComplete (18ms)
	LoadAllAssembliesAndSetupDomain (132ms)
		LoadAssemblies (175ms)
		RebuildTransferFunctionScriptingTraits (0ms)
		AnalyzeDomain (9ms)
			TypeCache.Refresh (4ms)
				TypeCache.ScanAssembly (0ms)
			ScanForSourceGeneratedMonoScriptInfo (0ms)
			ResolveRequiredComponents (3ms)
	FinalizeReload (725ms)
		ReleaseScriptCaches (0ms)
		RebuildScriptCaches (0ms)
		SetupLoadedEditorAssemblies (312ms)
			LogAssemblyErrors (0ms)
			InitializePlatformSupportModulesInManaged (17ms)
			SetLoadedEditorAssemblies (3ms)
			RefreshPlugins (0ms)
			BeforeProcessingInitializeOnLoad (43ms)
			ProcessInitializeOnLoadAttributes (231ms)
			ProcessInitializeOnLoadMethodAttributes (14ms)
			AfterProcessingInitializeOnLoad (4ms)
			EditorAssembliesLoaded (0ms)
		ExecutionOrderSort2 (0ms)
		AwakeInstancesAfterBackupRestoration (6ms)
Refreshing native plugins compatible for Editor in 3.89 ms, found 3 plugins.
Preloading 0 native plugins for Editor in 0.00 ms.
Unloading 3608 Unused Serialized files (Serialized files now loaded: 0)
Unloading 14 unused Assets / (28.6 KB). Loaded Objects now: 4186.
Memory consumption went from 128.4 MB to 128.4 MB.
Total: 1.854600 ms (FindLiveObjects: 0.167200 ms CreateObjectMapping: 0.046900 ms MarkObjects: 1.612100 ms  DeleteObjects: 0.027700 ms)

Prepare: number of updated asset objects reloaded= 0
AssetImportParameters requested are different than current active one (requested -> active):
  custom:container-demuxer-ogg: 62fdf1f143b41e24485cea50d1cbac27 -> 
  custom:scripting/monoscript/fileName/Collec.cs: 8c580595a4e98a35505026374c7da35b -> 
  custom:video-codec-MediaFoundation-h265: 746d11721c4dcdbdad8f713fa42b33f4 -> 
  custom:video-decoder-ogg-theora: a1e56fd34408186e4bbccfd4996cb3dc -> 
  custom:framework-win-MediaFoundation: 216162199b28c13a410421893ffa2e32 -> 
  custom:CustomObjectIndexerAttribute: 9a22284fe3817be447336de3de66b15e -> 
  custom:container-demuxer-webm: 4f35f7cbe854078d1ac9338744f61a02 -> 
  custom:container-muxer-webm: aa71ff27fc2769a1b78a27578f13a17b -> 
  custom:video-decoder-webm-vp8: 9c59270c3fd7afecdb556c50c9e8de78 -> 
  custom:scripting/monoscript/fileName/OnDestroy.cs: 21f0b2d0f547c62839066e1888ece602 -> 36ddb7b3cfb50d5b86b9f1ab4ab1c559
  custom:SearchIndexIgnoredProperties: e643bd26f0fe6173181afceb89e7c659 -> 
  custom:AudioImporter_EditorPlatform: d09bf68614088b80899f8185d706f6e7 -> 
  custom:scripting/monoscript/fileName/PlayerInventory.cs: c5c7e2c06a5c2135f68eaadb62be68ca -> 
  custom:scripting/monoscript/fileName/Collect.cs: eb27e5b49e23847ecf656af3aa35f614 -> 
  custom:video-encoder-webm-vp8: eb34c28f22e8b96e1ab97ce403110664 -> 
  custom:audio-decoder-ogg-vorbis: bf7c407c2cedff20999df2af8eb42d56 -> 
  custom:audio-encoder-webm-vorbis: bf7c407c2cedff20999df2af8eb42d56 -> 
  custom:scripting/precompiled-assembly-types:Assembly-CSharp: df1e81f10bfc7cdc75e5dc6d72fe6f59 -> e5fe694ac5c4ce88cf55eec68674d031
========================================================================
Received Prepare
Caller must complete domain reload
Begin MonoManager ReloadAssembly
- Loaded All Assemblies, in  0.306 seconds
Native extension for WindowsStandalone target not found
Native extension for iOS target not found
Native extension for WebGL target not found
Mono: successfully reloaded assembly
- Finished resetting the current domain, in  0.700 seconds
Domain Reload Profiling: 1005ms
	BeginReloadAssembly (117ms)
		ExecutionOrderSort (0ms)
		DisableScriptedObjects (3ms)
		BackupInstance (0ms)
		ReleaseScriptingObjects (0ms)
		CreateAndSetChildDomain (22ms)
	RebuildCommonClasses (18ms)
	RebuildNativeTypeToScriptingClass (6ms)
	initialDomainReloadingComplete (17ms)
	LoadAllAssembliesAndSetupDomain (146ms)
		LoadAssemblies (195ms)
		RebuildTransferFunctionScriptingTraits (0ms)
		AnalyzeDomain (17ms)
			TypeCache.Refresh (5ms)
				TypeCache.ScanAssembly (0ms)
			ScanForSourceGeneratedMonoScriptInfo (7ms)
			ResolveRequiredComponents (3ms)
	FinalizeReload (701ms)
		ReleaseScriptCaches (0ms)
		RebuildScriptCaches (0ms)
		SetupLoadedEditorAssemblies (286ms)
			LogAssemblyErrors (0ms)
			InitializePlatformSupportModulesInManaged (16ms)
			SetLoadedEditorAssemblies (4ms)
			RefreshPlugins (0ms)
			BeforeProcessingInitializeOnLoad (48ms)
			ProcessInitializeOnLoadAttributes (204ms)
			ProcessInitializeOnLoadMethodAttributes (10ms)
			AfterProcessingInitializeOnLoad (4ms)
			EditorAssembliesLoaded (0ms)
		ExecutionOrderSort2 (0ms)
		AwakeInstancesAfterBackupRestoration (6ms)
Refreshing native plugins compatible for Editor in 2.54 ms, found 3 plugins.
Preloading 0 native plugins for Editor in 0.00 ms.
Unloading 3608 Unused Serialized files (Serialized files now loaded: 0)
Unloading 14 unused Assets / (28.6 KB). Loaded Objects now: 4189.
Memory consumption went from 128.4 MB to 128.4 MB.
Total: 2.094400 ms (FindLiveObjects: 0.161900 ms CreateObjectMapping: 0.060400 ms MarkObjects: 1.839600 ms  DeleteObjects: 0.031600 ms)

Prepare: number of updated asset objects reloaded= 0
AssetImportParameters requested are different than current active one (requested -> active):
  custom:container-demuxer-ogg: 62fdf1f143b41e24485cea50d1cbac27 -> 
  custom:scripting/monoscript/fileName/Collec.cs: 8c580595a4e98a35505026374c7da35b -> 
  custom:video-codec-MediaFoundation-h265: 746d11721c4dcdbdad8f713fa42b33f4 -> 
  custom:video-decoder-ogg-theora: a1e56fd34408186e4bbccfd4996cb3dc -> 
  custom:framework-win-MediaFoundation: 216162199b28c13a410421893ffa2e32 -> 
  custom:CustomObjectIndexerAttribute: 9a22284fe3817be447336de3de66b15e -> 
  custom:container-demuxer-webm: 4f35f7cbe854078d1ac9338744f61a02 -> 
  custom:container-muxer-webm: aa71ff27fc2769a1b78a27578f13a17b -> 
  custom:video-decoder-webm-vp8: 9c59270c3fd7afecdb556c50c9e8de78 -> 
  custom:scripting/monoscript/fileName/OnDestroy.cs: 21f0b2d0f547c62839066e1888ece602 -> 36ddb7b3cfb50d5b86b9f1ab4ab1c559
  custom:SearchIndexIgnoredProperties: e643bd26f0fe6173181afceb89e7c659 -> 
  custom:AudioImporter_EditorPlatform: d09bf68614088b80899f8185d706f6e7 -> 
  custom:scripting/monoscript/fileName/PlayerInventory.cs: c5c7e2c06a5c2135f68eaadb62be68ca -> 
  custom:scripting/monoscript/fileName/Collect.cs: eb27e5b49e23847ecf656af3aa35f614 -> 
  custom:video-encoder-webm-vp8: eb34c28f22e8b96e1ab97ce403110664 -> 
  custom:audio-decoder-ogg-vorbis: bf7c407c2cedff20999df2af8eb42d56 -> 
  custom:audio-encoder-webm-vorbis: bf7c407c2cedff20999df2af8eb42d56 -> 
  custom:scripting/precompiled-assembly-types:Assembly-CSharp: df1e81f10bfc7cdc75e5dc6d72fe6f59 -> e5fe694ac5c4ce88cf55eec68674d031
========================================================================
Received Prepare
Caller must complete domain reload
Begin MonoManager ReloadAssembly
- Loaded All Assemblies, in  0.270 seconds
Native extension for WindowsStandalone target not found
Native extension for iOS target not found
Native extension for WebGL target not found
Mono: successfully reloaded assembly
- Finished resetting the current domain, in  0.707 seconds
Domain Reload Profiling: 976ms
	BeginReloadAssembly (99ms)
		ExecutionOrderSort (0ms)
		DisableScriptedObjects (3ms)
		BackupInstance (0ms)
		ReleaseScriptingObjects (0ms)
		CreateAndSetChildDomain (19ms)
	RebuildCommonClasses (19ms)
	RebuildNativeTypeToScriptingClass (6ms)
	initialDomainReloadingComplete (17ms)
	LoadAllAssembliesAndSetupDomain (127ms)
		LoadAssemblies (168ms)
		RebuildTransferFunctionScriptingTraits (0ms)
		AnalyzeDomain (9ms)
			TypeCache.Refresh (4ms)
				TypeCache.ScanAssembly (0ms)
			ScanForSourceGeneratedMonoScriptInfo (0ms)
			ResolveRequiredComponents (3ms)
	FinalizeReload (707ms)
		ReleaseScriptCaches (0ms)
		RebuildScriptCaches (0ms)
		SetupLoadedEditorAssemblies (308ms)
			LogAssemblyErrors (0ms)
			InitializePlatformSupportModulesInManaged (16ms)
			SetLoadedEditorAssemblies (4ms)
			RefreshPlugins (0ms)
			BeforeProcessingInitializeOnLoad (43ms)
			ProcessInitializeOnLoadAttributes (227ms)
			ProcessInitializeOnLoadMethodAttributes (13ms)
			AfterProcessingInitializeOnLoad (5ms)
			EditorAssembliesLoaded (0ms)
		ExecutionOrderSort2 (0ms)
		AwakeInstancesAfterBackupRestoration (6ms)
Refreshing native plugins compatible for Editor in 3.80 ms, found 3 plugins.
Preloading 0 native plugins for Editor in 0.00 ms.
Unloading 3608 Unused Serialized files (Serialized files now loaded: 0)
Unloading 14 unused Assets / (28.5 KB). Loaded Objects now: 4192.
Memory consumption went from 128.4 MB to 128.4 MB.
Total: 1.968200 ms (FindLiveObjects: 0.154400 ms CreateObjectMapping: 0.046000 ms MarkObjects: 1.740400 ms  DeleteObjects: 0.026800 ms)

Prepare: number of updated asset objects reloaded= 0
AssetImportParameters requested are different than current active one (requested -> active):
  custom:container-demuxer-ogg: 62fdf1f143b41e24485cea50d1cbac27 -> 
  custom:scripting/monoscript/fileName/Collec.cs: 8c580595a4e98a35505026374c7da35b -> 
  custom:video-codec-MediaFoundation-h265: 746d11721c4dcdbdad8f713fa42b33f4 -> 
  custom:video-decoder-ogg-theora: a1e56fd34408186e4bbccfd4996cb3dc -> 
  custom:framework-win-MediaFoundation: 216162199b28c13a410421893ffa2e32 -> 
  custom:CustomObjectIndexerAttribute: 9a22284fe3817be447336de3de66b15e -> 
  custom:container-demuxer-webm: 4f35f7cbe854078d1ac9338744f61a02 -> 
  custom:container-muxer-webm: aa71ff27fc2769a1b78a27578f13a17b -> 
  custom:video-decoder-webm-vp8: 9c59270c3fd7afecdb556c50c9e8de78 -> 
  custom:scripting/monoscript/fileName/OnDestroy.cs: 21f0b2d0f547c62839066e1888ece602 -> 36ddb7b3cfb50d5b86b9f1ab4ab1c559
  custom:SearchIndexIgnoredProperties: e643bd26f0fe6173181afceb89e7c659 -> 
  custom:AudioImporter_EditorPlatform: d09bf68614088b80899f8185d706f6e7 -> 
  custom:scripting/monoscript/fileName/PlayerInventory.cs: c5c7e2c06a5c2135f68eaadb62be68ca -> 
  custom:scripting/monoscript/fileName/Collect.cs: eb27e5b49e23847ecf656af3aa35f614 -> 
  custom:video-encoder-webm-vp8: eb34c28f22e8b96e1ab97ce403110664 -> 
  custom:audio-decoder-ogg-vorbis: bf7c407c2cedff20999df2af8eb42d56 -> 
  custom:audio-encoder-webm-vorbis: bf7c407c2cedff20999df2af8eb42d56 -> 
  custom:scripting/precompiled-assembly-types:Assembly-CSharp: df1e81f10bfc7cdc75e5dc6d72fe6f59 -> e5fe694ac5c4ce88cf55eec68674d031
========================================================================
Received Prepare
Caller must complete domain reload
Begin MonoManager ReloadAssembly
- Loaded All Assemblies, in  0.282 seconds
Native extension for WindowsStandalone target not found
Native extension for iOS target not found
Native extension for WebGL target not found
Mono: successfully reloaded assembly
- Finished resetting the current domain, in  0.749 seconds
Domain Reload Profiling: 1029ms
	BeginReloadAssembly (99ms)
		ExecutionOrderSort (0ms)
		DisableScriptedObjects (3ms)
		BackupInstance (0ms)
		ReleaseScriptingObjects (0ms)
		CreateAndSetChildDomain (19ms)
	RebuildCommonClasses (19ms)
	RebuildNativeTypeToScriptingClass (6ms)
	initialDomainReloadingComplete (18ms)
	LoadAllAssembliesAndSetupDomain (139ms)
		LoadAssemblies (182ms)
		RebuildTransferFunctionScriptingTraits (0ms)
		AnalyzeDomain (10ms)
			TypeCache.Refresh (5ms)
				TypeCache.ScanAssembly (0ms)
			ScanForSourceGeneratedMonoScriptInfo (0ms)
			ResolveRequiredComponents (3ms)
	FinalizeReload (749ms)
		ReleaseScriptCaches (0ms)
		RebuildScriptCaches (0ms)
		SetupLoadedEditorAssemblies (324ms)
			LogAssemblyErrors (0ms)
			InitializePlatformSupportModulesInManaged (18ms)
			SetLoadedEditorAssemblies (3ms)
			RefreshPlugins (0ms)
			BeforeProcessingInitializeOnLoad (44ms)
			ProcessInitializeOnLoadAttributes (240ms)
			ProcessInitializeOnLoadMethodAttributes (14ms)
			AfterProcessingInitializeOnLoad (5ms)
			EditorAssembliesLoaded (0ms)
		ExecutionOrderSort2 (0ms)
		AwakeInstancesAfterBackupRestoration (7ms)
Refreshing native plugins compatible for Editor in 3.54 ms, found 3 plugins.
Preloading 0 native plugins for Editor in 0.00 ms.
Unloading 3608 Unused Serialized files (Serialized files now loaded: 0)
Unloading 14 unused Assets / (28.5 KB). Loaded Objects now: 4195.
Memory consumption went from 128.4 MB to 128.4 MB.
Total: 1.989300 ms (FindLiveObjects: 0.152500 ms CreateObjectMapping: 0.070400 ms MarkObjects: 1.739200 ms  DeleteObjects: 0.026900 ms)

Prepare: number of updated asset objects reloaded= 0
AssetImportParameters requested are different than current active one (requested -> active):
  custom:container-demuxer-ogg: 62fdf1f143b41e24485cea50d1cbac27 -> 
  custom:scripting/monoscript/fileName/Collec.cs: 8c580595a4e98a35505026374c7da35b -> 
  custom:video-codec-MediaFoundation-h265: 746d11721c4dcdbdad8f713fa42b33f4 -> 
  custom:video-decoder-ogg-theora: a1e56fd34408186e4bbccfd4996cb3dc -> 
  custom:framework-win-MediaFoundation: 216162199b28c13a410421893ffa2e32 -> 
  custom:CustomObjectIndexerAttribute: 9a22284fe3817be447336de3de66b15e -> 
  custom:container-demuxer-webm: 4f35f7cbe854078d1ac9338744f61a02 -> 
  custom:container-muxer-webm: aa71ff27fc2769a1b78a27578f13a17b -> 
  custom:video-decoder-webm-vp8: 9c59270c3fd7afecdb556c50c9e8de78 -> 
  custom:scripting/monoscript/fileName/OnDestroy.cs: 21f0b2d0f547c62839066e1888ece602 -> 36ddb7b3cfb50d5b86b9f1ab4ab1c559
  custom:SearchIndexIgnoredProperties: e643bd26f0fe6173181afceb89e7c659 -> 
  custom:AudioImporter_EditorPlatform: d09bf68614088b80899f8185d706f6e7 -> 
  custom:scripting/monoscript/fileName/PlayerInventory.cs: c5c7e2c06a5c2135f68eaadb62be68ca -> 
  custom:scripting/monoscript/fileName/Collect.cs: eb27e5b49e23847ecf656af3aa35f614 -> 
  custom:video-encoder-webm-vp8: eb34c28f22e8b96e1ab97ce403110664 -> 
  custom:audio-decoder-ogg-vorbis: bf7c407c2cedff20999df2af8eb42d56 -> 
  custom:audio-encoder-webm-vorbis: bf7c407c2cedff20999df2af8eb42d56 -> 
  custom:scripting/precompiled-assembly-types:Assembly-CSharp: df1e81f10bfc7cdc75e5dc6d72fe6f59 -> e5fe694ac5c4ce88cf55eec68674d031
========================================================================
Received Prepare
Caller must complete domain reload
Begin MonoManager ReloadAssembly
- Loaded All Assemblies, in  0.278 seconds
Native extension for WindowsStandalone target not found
Native extension for iOS target not found
Native extension for WebGL target not found
Mono: successfully reloaded assembly
- Finished resetting the current domain, in  0.777 seconds
Domain Reload Profiling: 1054ms
	BeginReloadAssembly (98ms)
		ExecutionOrderSort (0ms)
		DisableScriptedObjects (3ms)
		BackupInstance (0ms)
		ReleaseScriptingObjects (0ms)
		CreateAndSetChildDomain (19ms)
	RebuildCommonClasses (19ms)
	RebuildNativeTypeToScriptingClass (6ms)
	initialDomainReloadingComplete (18ms)
	LoadAllAssembliesAndSetupDomain (135ms)
		LoadAssemblies (178ms)
		RebuildTransferFunctionScriptingTraits (0ms)
		AnalyzeDomain (9ms)
			TypeCache.Refresh (4ms)
				TypeCache.ScanAssembly (0ms)
			ScanForSourceGeneratedMonoScriptInfo (0ms)
			ResolveRequiredComponents (3ms)
	FinalizeReload (777ms)
		ReleaseScriptCaches (0ms)
		RebuildScriptCaches (0ms)
		SetupLoadedEditorAssemblies (367ms)
			LogAssemblyErrors (0ms)
			InitializePlatformSupportModulesInManaged (16ms)
			SetLoadedEditorAssemblies (3ms)
			RefreshPlugins (0ms)
			BeforeProcessingInitializeOnLoad (53ms)
			ProcessInitializeOnLoadAttributes (271ms)
			ProcessInitializeOnLoadMethodAttributes (17ms)
			AfterProcessingInitializeOnLoad (6ms)
			EditorAssembliesLoaded (0ms)
		ExecutionOrderSort2 (0ms)
		AwakeInstancesAfterBackupRestoration (10ms)
Refreshing native plugins compatible for Editor in 4.22 ms, found 3 plugins.
Preloading 0 native plugins for Editor in 0.00 ms.
Unloading 3608 Unused Serialized files (Serialized files now loaded: 0)
Unloading 14 unused Assets / (28.5 KB). Loaded Objects now: 4198.
Memory consumption went from 128.4 MB to 128.4 MB.
Total: 2.768400 ms (FindLiveObjects: 0.209400 ms CreateObjectMapping: 0.060200 ms MarkObjects: 2.469500 ms  DeleteObjects: 0.028700 ms)

Prepare: number of updated asset objects reloaded= 0
AssetImportParameters requested are different than current active one (requested -> active):
  custom:container-demuxer-ogg: 62fdf1f143b41e24485cea50d1cbac27 -> 
  custom:scripting/monoscript/fileName/Collec.cs: 8c580595a4e98a35505026374c7da35b -> 
  custom:video-codec-MediaFoundation-h265: 746d11721c4dcdbdad8f713fa42b33f4 -> 
  custom:video-decoder-ogg-theora: a1e56fd34408186e4bbccfd4996cb3dc -> 
  custom:framework-win-MediaFoundation: 216162199b28c13a410421893ffa2e32 -> 
  custom:CustomObjectIndexerAttribute: 9a22284fe3817be447336de3de66b15e -> 
  custom:container-demuxer-webm: 4f35f7cbe854078d1ac9338744f61a02 -> 
  custom:container-muxer-webm: aa71ff27fc2769a1b78a27578f13a17b -> 
  custom:video-decoder-webm-vp8: 9c59270c3fd7afecdb556c50c9e8de78 -> 
  custom:scripting/monoscript/fileName/OnDestroy.cs: 21f0b2d0f547c62839066e1888ece602 -> 36ddb7b3cfb50d5b86b9f1ab4ab1c559
  custom:SearchIndexIgnoredProperties: e643bd26f0fe6173181afceb89e7c659 -> 
  custom:AudioImporter_EditorPlatform: d09bf68614088b80899f8185d706f6e7 -> 
  custom:scripting/monoscript/fileName/PlayerInventory.cs: c5c7e2c06a5c2135f68eaadb62be68ca -> 
  custom:scripting/monoscript/fileName/Collect.cs: eb27e5b49e23847ecf656af3aa35f614 -> 
  custom:video-encoder-webm-vp8: eb34c28f22e8b96e1ab97ce403110664 -> 
  custom:audio-decoder-ogg-vorbis: bf7c407c2cedff20999df2af8eb42d56 -> 
  custom:audio-encoder-webm-vorbis: bf7c407c2cedff20999df2af8eb42d56 -> 
  custom:scripting/precompiled-assembly-types:Assembly-CSharp: df1e81f10bfc7cdc75e5dc6d72fe6f59 -> e5fe694ac5c4ce88cf55eec68674d031
